-- phpMyAdmin SQL Dump
-- version 4.9.7
-- https://www.phpmyadmin.net/
--
-- Host: localhost:3306
-- Generation Time: Aug 12, 2022 at 08:41 AM
-- Server version: 5.7.39
-- PHP Version: 7.4.30

SET SQL_MODE = "NO_AUTO_VALUE_ON_ZERO";
SET AUTOCOMMIT = 0;
START TRANSACTION;
SET time_zone = "+00:00";


/*!40101 SET @OLD_CHARACTER_SET_CLIENT=@@CHARACTER_SET_CLIENT */;
/*!40101 SET @OLD_CHARACTER_SET_RESULTS=@@CHARACTER_SET_RESULTS */;
/*!40101 SET @OLD_COLLATION_CONNECTION=@@COLLATION_CONNECTION */;
/*!40101 SET NAMES utf8mb4 */;

--
-- Database: `ivacay_db`
--

-- --------------------------------------------------------

--
-- Table structure for table `activities`
--

CREATE TABLE `activities` (
  `id` int(11) NOT NULL,
  `name` varchar(255) NOT NULL,
  `status` int(11) NOT NULL COMMENT '1 = active, 0 = inactive',
  `created_at` timestamp NULL DEFAULT CURRENT_TIMESTAMP,
  `updated_at` timestamp NULL DEFAULT CURRENT_TIMESTAMP
) ENGINE=InnoDB DEFAULT CHARSET=latin1;

--
-- Dumping data for table `activities`
--

INSERT INTO `activities` (`id`, `name`, `status`, `created_at`, `updated_at`) VALUES
(1, 'Tuxedo rentals', 1, '2022-07-15 16:07:06', '2022-07-15 16:07:06'),
(2, 'Travel Dentist', 1, '2022-07-15 16:07:06', '2022-07-15 16:07:06'),
(3, 'Private Chef', 1, '2022-07-15 16:07:07', '2022-07-15 16:07:07'),
(4, 'Shopping tours', 1, '2022-07-15 16:07:06', '2022-07-15 16:07:06'),
(5, 'Reputable local jewelers', 1, '2022-07-15 16:07:06', '2022-07-15 16:07:06'),
(6, 'Photographer', 1, '2022-07-15 16:07:06', '2022-07-15 16:07:06'),
(7, 'Tai Chi Class', 1, '2022-07-15 16:07:07', '2022-07-15 16:07:07'),
(8, 'Singles Tours', 1, '2022-07-15 16:07:07', '2022-07-15 16:07:07'),
(9, 'Translators', 1, '2022-07-15 16:07:07', '2022-07-15 16:07:07'),
(10, 'Surfboard rentals', 1, '2022-07-15 16:07:07', '2022-07-15 16:07:07'),
(11, 'Scuba diving', 1, '2022-07-15 16:07:07', '2022-07-15 16:07:07'),
(12, 'Room and board', 1, '2022-07-15 16:07:08', '2022-07-15 16:07:08'),
(13, 'Strippers', 1, '2022-07-15 16:07:08', '2022-07-15 16:07:08'),
(14, 'Hair Braider', 1, '2022-07-15 16:07:09', '2022-07-15 16:07:09'),
(15, 'Travel planner', 1, '2022-07-15 16:07:09', '2022-07-15 16:07:09'),
(16, 'Engagement planners', 1, '2022-07-15 16:07:09', '2022-07-15 16:07:09'),
(17, 'Brewery guide', 1, '2022-07-15 16:07:09', '2022-07-15 16:07:09'),
(18, 'Parasailing', 1, '2022-07-15 16:07:10', '2022-07-15 16:07:10'),
(19, 'Beach Party planner', 1, '2022-07-15 16:07:10', '2022-07-15 16:07:10'),
(20, 'Car rentals', 1, '2022-07-15 16:07:10', '2022-07-15 16:07:10'),
(21, 'Realtor', 1, '2022-07-15 16:07:10', '2022-07-15 16:07:10'),
(22, 'Cosmetic surgery tourism', 1, '2022-07-15 16:07:10', '2022-07-15 16:07:10'),
(23, 'Fishing Guide', 1, '2022-07-15 16:07:10', '2022-07-15 16:07:10'),
(24, 'Cigar country tour', 1, '2022-07-15 16:07:10', '2022-07-15 16:07:10'),
(25, 'Pet Keeper', 1, '2022-07-15 16:07:10', '2022-07-15 16:07:10'),
(26, 'Winery tours', 1, '2022-07-15 16:07:11', '2022-07-15 16:07:11'),
(27, 'City Tour Guide', 1, '2022-07-15 16:07:11', '2022-07-15 16:07:11'),
(28, 'Guided Biking tours', 1, '2022-07-15 16:07:11', '2022-07-15 16:07:11'),
(29, 'Helicopter tours', 1, '2022-07-15 16:07:11', '2022-07-15 16:07:11'),
(30, 'Craft class', 1, '2022-07-15 16:07:11', '2022-07-15 16:07:11'),
(31, 'Golf club rentals', 1, '2022-07-15 16:07:11', '2022-07-15 16:07:11'),
(32, 'Personal chauffeur', 1, '2022-07-15 16:07:11', '2022-07-15 16:07:11'),
(33, 'Make up artist', 1, '2022-07-15 16:07:11', '2022-07-15 16:07:11'),
(34, 'Beach equipment rentals', 1, '2022-07-15 16:07:11', '2022-07-15 16:07:11'),
(35, 'Barbers', 1, '2022-07-15 16:07:11', '2022-07-15 16:07:11'),
(36, 'Babysitter', 1, '2022-07-15 16:07:11', '2022-07-15 16:07:11'),
(37, 'Masseuse', 1, '2022-07-15 16:07:12', '2022-07-15 16:07:12'),
(38, 'Bike rentals', 1, '2022-07-15 16:07:12', '2022-07-15 16:07:12'),
(39, 'Canoeing tours', 1, '2022-07-15 16:07:12', '2022-07-15 16:07:12'),
(40, 'Foodie Tours', 1, '2022-07-15 16:07:12', '2022-07-15 16:07:12'),
(41, 'Nude beaches guide', 1, '2022-07-15 16:07:12', '2022-07-15 16:07:12'),
(42, 'Musicians', 1, '2022-07-15 16:07:12', '2022-07-15 16:07:12'),
(43, 'Wheelchair rentals', 1, '2022-07-15 16:07:12', '2022-07-15 16:07:12'),
(44, 'Videographer', 1, '2022-07-15 16:07:12', '2022-07-15 16:07:12'),
(45, 'legal experts', 1, '2022-07-15 16:07:12', '2022-07-15 16:07:12'),
(46, 'Officiant', 1, '2022-07-15 16:07:12', '2022-07-15 16:07:12'),
(47, 'Hair Stylists', 1, '2022-07-15 16:07:12', '2022-07-15 16:07:12'),
(48, 'Bachelor party planner', 1, '2022-07-15 16:07:12', '2022-07-15 16:07:12'),
(49, 'Gemstone tour guide', 1, '2022-07-15 16:07:12', '2022-07-15 16:07:12'),
(50, 'Nail Salon', 1, '2022-07-15 16:07:12', '2022-07-15 16:07:12'),
(51, 'Animal Keeper', 1, '2022-07-15 16:07:13', '2022-07-15 16:07:13'),
(52, 'Bar Hop guide', 1, '2022-07-15 16:07:13', '2022-07-15 16:07:13'),
(53, 'Factory tours', 1, '2022-07-15 16:07:13', '2022-07-15 16:07:13'),
(54, 'National park guide', 1, '2022-07-15 16:07:13', '2022-07-15 16:07:13'),
(55, 'Yoga class', 1, '2022-07-15 16:07:13', '2022-07-15 16:07:13'),
(56, 'Walking Tours', 1, '2022-07-15 16:07:13', '2022-07-15 16:07:13'),
(57, 'VIP Nightclub Tour guide', 1, '2022-07-15 16:07:14', '2022-07-15 16:07:14'),
(58, 'Wedding planner', 1, '2022-07-15 16:07:14', '2022-07-15 16:07:14');

-- --------------------------------------------------------

--
-- Table structure for table `countries`
--

CREATE TABLE `countries` (
  `id` int(11) NOT NULL,
  `code` varchar(255) DEFAULT NULL,
  `name` varchar(255) DEFAULT NULL,
  `created_at` timestamp NULL DEFAULT CURRENT_TIMESTAMP,
  `updated_at` timestamp NULL DEFAULT CURRENT_TIMESTAMP
) ENGINE=InnoDB DEFAULT CHARSET=utf8mb4;

--
-- Dumping data for table `countries`
--

INSERT INTO `countries` (`id`, `code`, `name`, `created_at`, `updated_at`) VALUES
(4, 'AF', 'Afghanistan', '2022-03-22 22:22:34', '2022-03-22 22:22:34'),
(5, 'AL', 'Albania', '2022-03-22 22:22:34', '2022-03-22 22:22:34'),
(6, 'DZ', 'Algeria', '2022-03-22 22:22:34', '2022-03-22 22:22:34'),
(7, 'DS', 'American Samoa', '2022-03-22 22:22:34', '2022-03-22 22:22:34'),
(8, 'AD', 'Andorra', '2022-03-22 22:22:34', '2022-03-22 22:22:34'),
(9, 'AO', 'Angola', '2022-03-22 22:22:34', '2022-03-22 22:22:34'),
(10, 'AI', 'Anguilla', '2022-03-22 22:22:34', '2022-03-22 22:22:34'),
(11, 'AQ', 'Antarctica', '2022-03-22 22:22:34', '2022-03-22 22:22:34'),
(12, 'AG', 'Antigua and Barbuda', '2022-03-22 22:22:34', '2022-03-22 22:22:34'),
(13, 'AR', 'Argentina', '2022-03-22 22:22:34', '2022-03-22 22:22:34'),
(14, 'AM', 'Armenia', '2022-03-22 22:22:34', '2022-03-22 22:22:34'),
(15, 'AW', 'Aruba', '2022-03-22 22:22:34', '2022-03-22 22:22:34'),
(16, 'AU', 'Australia', '2022-03-22 22:22:34', '2022-03-22 22:22:34'),
(17, 'AT', 'Austria', '2022-03-22 22:22:34', '2022-03-22 22:22:34'),
(18, 'AZ', 'Azerbaijan', '2022-03-22 22:22:34', '2022-03-22 22:22:34'),
(19, 'BS', 'Bahamas', '2022-03-22 22:22:34', '2022-03-22 22:22:34'),
(20, 'BH', 'Bahrain', '2022-03-22 22:22:34', '2022-03-22 22:22:34'),
(21, 'BD', 'Bangladesh', '2022-03-22 22:22:34', '2022-03-22 22:22:34'),
(22, 'BB', 'Barbados', '2022-03-22 22:22:34', '2022-03-22 22:22:34'),
(23, 'BY', 'Belarus', '2022-03-22 22:22:34', '2022-03-22 22:22:34'),
(24, 'BE', 'Belgium', '2022-03-22 22:22:34', '2022-03-22 22:22:34'),
(25, 'BZ', 'Belize', '2022-03-22 22:22:34', '2022-03-22 22:22:34'),
(26, 'BJ', 'Benin', '2022-03-22 22:22:34', '2022-03-22 22:22:34'),
(27, 'BM', 'Bermuda', '2022-03-22 22:22:34', '2022-03-22 22:22:34'),
(28, 'BT', 'Bhutan', '2022-03-22 22:22:34', '2022-03-22 22:22:34'),
(29, 'BO', 'Bolivia', '2022-03-22 22:22:34', '2022-03-22 22:22:34'),
(30, 'BA', 'Bosnia and Herzegovina', '2022-03-22 22:22:34', '2022-03-22 22:22:34'),
(31, 'BW', 'Botswana', '2022-03-22 22:22:34', '2022-03-22 22:22:34'),
(32, 'BV', 'Bouvet Island', '2022-03-22 22:22:34', '2022-03-22 22:22:34'),
(33, 'BR', 'Brazil', '2022-03-22 22:22:34', '2022-03-22 22:22:34'),
(34, 'IO', 'British Indian Ocean Territory', '2022-03-22 22:22:34', '2022-03-22 22:22:34'),
(35, 'BN', 'Brunei Darussalam', '2022-03-22 22:22:34', '2022-03-22 22:22:34'),
(36, 'BG', 'Bulgaria', '2022-03-22 22:22:34', '2022-03-22 22:22:34'),
(37, 'BF', 'Burkina Faso', '2022-03-22 22:22:34', '2022-03-22 22:22:34'),
(38, 'BI', 'Burundi', '2022-03-22 22:22:34', '2022-03-22 22:22:34'),
(39, 'KH', 'Cambodia', '2022-03-22 22:22:34', '2022-03-22 22:22:34'),
(40, 'CM', 'Cameroon', '2022-03-22 22:22:34', '2022-03-22 22:22:34'),
(41, 'CA', 'Canada', '2022-03-22 22:22:34', '2022-03-22 22:22:34'),
(42, 'CV', 'Cape Verde', '2022-03-22 22:22:34', '2022-03-22 22:22:34'),
(43, 'KY', 'Cayman Islands', '2022-03-22 22:22:34', '2022-03-22 22:22:34'),
(44, 'CF', 'Central African Republic', '2022-03-22 22:22:34', '2022-03-22 22:22:34'),
(45, 'TD', 'Chad', '2022-03-22 22:22:34', '2022-03-22 22:22:34'),
(46, 'CL', 'Chile', '2022-03-22 22:22:34', '2022-03-22 22:22:34'),
(47, 'CN', 'China', '2022-03-22 22:22:34', '2022-03-22 22:22:34'),
(48, 'CX', 'Christmas Island', '2022-03-22 22:22:34', '2022-03-22 22:22:34'),
(49, 'CC', 'Cocos (Keeling) Islands', '2022-03-22 22:22:34', '2022-03-22 22:22:34'),
(50, 'CO', 'Colombia', '2022-03-22 22:22:34', '2022-03-22 22:22:34'),
(51, 'KM', 'Comoros', '2022-03-22 22:22:34', '2022-03-22 22:22:34'),
(52, 'CG', 'Congo', '2022-03-22 22:22:34', '2022-03-22 22:22:34'),
(53, 'CK', 'Cook Islands', '2022-03-22 22:22:34', '2022-03-22 22:22:34'),
(54, 'CR', 'Costa Rica', '2022-03-22 22:22:34', '2022-03-22 22:22:34'),
(55, 'HR', 'Croatia (Hrvatska)', '2022-03-22 22:22:34', '2022-03-22 22:22:34'),
(56, 'CU', 'Cuba', '2022-03-22 22:22:34', '2022-03-22 22:22:34'),
(57, 'CY', 'Cyprus', '2022-03-22 22:22:34', '2022-03-22 22:22:34'),
(58, 'CZ', 'Czech Republic', '2022-03-22 22:22:34', '2022-03-22 22:22:34'),
(59, 'DK', 'Denmark', '2022-03-22 22:22:34', '2022-03-22 22:22:34'),
(60, 'DJ', 'Djibouti', '2022-03-22 22:22:34', '2022-03-22 22:22:34'),
(61, 'DM', 'Dominica', '2022-03-22 22:22:34', '2022-03-22 22:22:34'),
(62, 'DO', 'Dominican Republic', '2022-03-22 22:22:34', '2022-03-22 22:22:34'),
(63, 'TP', 'East Timor', '2022-03-22 22:22:34', '2022-03-22 22:22:34'),
(64, 'EC', 'Ecuador', '2022-03-22 22:22:34', '2022-03-22 22:22:34'),
(65, 'EG', 'Egypt', '2022-03-22 22:22:34', '2022-03-22 22:22:34'),
(66, 'SV', 'El Salvador', '2022-03-22 22:22:34', '2022-03-22 22:22:34'),
(67, 'GQ', 'Equatorial Guinea', '2022-03-22 22:22:34', '2022-03-22 22:22:34'),
(68, 'ER', 'Eritrea', '2022-03-22 22:22:34', '2022-03-22 22:22:34'),
(69, 'EE', 'Estonia', '2022-03-22 22:22:34', '2022-03-22 22:22:34'),
(70, 'ET', 'Ethiopia', '2022-03-22 22:22:34', '2022-03-22 22:22:34'),
(71, 'FK', 'Falkland Islands (Malvinas)', '2022-03-22 22:22:34', '2022-03-22 22:22:34'),
(72, 'FO', 'Faroe Islands', '2022-03-22 22:22:34', '2022-03-22 22:22:34'),
(73, 'FJ', 'Fiji', '2022-03-22 22:22:34', '2022-03-22 22:22:34'),
(74, 'FI', 'Finland', '2022-03-22 22:22:34', '2022-03-22 22:22:34'),
(75, 'FR', 'France', '2022-03-22 22:22:34', '2022-03-22 22:22:34'),
(76, 'FX', 'France, Metropolitan', '2022-03-22 22:22:34', '2022-03-22 22:22:34'),
(77, 'GF', 'French Guiana', '2022-03-22 22:22:34', '2022-03-22 22:22:34'),
(78, 'PF', 'French Polynesia', '2022-03-22 22:22:34', '2022-03-22 22:22:34'),
(79, 'TF', 'French Southern Territories', '2022-03-22 22:22:34', '2022-03-22 22:22:34'),
(80, 'GA', 'Gabon', '2022-03-22 22:22:34', '2022-03-22 22:22:34'),
(81, 'GM', 'Gambia', '2022-03-22 22:22:34', '2022-03-22 22:22:34'),
(82, 'GE', 'Georgia', '2022-03-22 22:22:34', '2022-03-22 22:22:34'),
(83, 'DE', 'Germany', '2022-03-22 22:22:34', '2022-03-22 22:22:34'),
(84, 'GH', 'Ghana', '2022-03-22 22:22:34', '2022-03-22 22:22:34'),
(85, 'GI', 'Gibraltar', '2022-03-22 22:22:34', '2022-03-22 22:22:34'),
(86, 'GK', 'Guernsey', '2022-03-22 22:22:34', '2022-03-22 22:22:34'),
(87, 'GR', 'Greece', '2022-03-22 22:22:34', '2022-03-22 22:22:34'),
(88, 'GL', 'Greenland', '2022-03-22 22:22:34', '2022-03-22 22:22:34'),
(89, 'GD', 'Grenada', '2022-03-22 22:22:34', '2022-03-22 22:22:34'),
(90, 'GP', 'Guadeloupe', '2022-03-22 22:22:34', '2022-03-22 22:22:34'),
(91, 'GU', 'Guam', '2022-03-22 22:22:34', '2022-03-22 22:22:34'),
(92, 'GT', 'Guatemala', '2022-03-22 22:22:34', '2022-03-22 22:22:34'),
(93, 'GN', 'Guinea', '2022-03-22 22:22:34', '2022-03-22 22:22:34'),
(94, 'GW', 'Guinea-Bissau', '2022-03-22 22:22:34', '2022-03-22 22:22:34'),
(95, 'GY', 'Guyana', '2022-03-22 22:22:34', '2022-03-22 22:22:34'),
(96, 'HT', 'Haiti', '2022-03-22 22:22:34', '2022-03-22 22:22:34'),
(97, 'HM', 'Heard and Mc Donald Islands', '2022-03-22 22:22:34', '2022-03-22 22:22:34'),
(98, 'HN', 'Honduras', '2022-03-22 22:22:34', '2022-03-22 22:22:34'),
(99, 'HK', 'Hong Kong', '2022-03-22 22:22:34', '2022-03-22 22:22:34'),
(100, 'HU', 'Hungary', '2022-03-22 22:22:34', '2022-03-22 22:22:34'),
(101, 'IS', 'Iceland', '2022-03-22 22:22:34', '2022-03-22 22:22:34'),
(102, 'IN', 'India', '2022-03-22 22:22:34', '2022-03-22 22:22:34'),
(103, 'IM', 'Isle of Man', '2022-03-22 22:22:34', '2022-03-22 22:22:34'),
(104, 'ID', 'Indonesia', '2022-03-22 22:22:34', '2022-03-22 22:22:34'),
(105, 'IR', 'Iran (Islamic Republic of)', '2022-03-22 22:22:34', '2022-03-22 22:22:34'),
(106, 'IQ', 'Iraq', '2022-03-22 22:22:34', '2022-03-22 22:22:34'),
(107, 'IE', 'Ireland', '2022-03-22 22:22:34', '2022-03-22 22:22:34'),
(108, 'IL', 'Israel', '2022-03-22 22:22:34', '2022-03-22 22:22:34'),
(109, 'IT', 'Italy', '2022-03-22 22:22:34', '2022-03-22 22:22:34'),
(110, 'CI', 'Ivory Coast', '2022-03-22 22:22:34', '2022-03-22 22:22:34'),
(111, 'JE', 'Jersey', '2022-03-22 22:22:34', '2022-03-22 22:22:34'),
(112, 'JM', 'Jamaica', '2022-03-22 22:22:34', '2022-03-22 22:22:34'),
(113, 'JP', 'Japan', '2022-03-22 22:22:34', '2022-03-22 22:22:34'),
(114, 'JO', 'Jordan', '2022-03-22 22:22:34', '2022-03-22 22:22:34'),
(115, 'KZ', 'Kazakhstan', '2022-03-22 22:22:34', '2022-03-22 22:22:34'),
(116, 'KE', 'Kenya', '2022-03-22 22:22:34', '2022-03-22 22:22:34'),
(117, 'KI', 'Kiribati', '2022-03-22 22:22:34', '2022-03-22 22:22:34'),
(118, 'KP', 'Korea, Democratic People\'s Republic of', '2022-03-22 22:22:34', '2022-03-22 22:22:34'),
(119, 'KR', 'Korea, Republic of', '2022-03-22 22:22:34', '2022-03-22 22:22:34'),
(120, 'XK', 'Kosovo', '2022-03-22 22:22:34', '2022-03-22 22:22:34'),
(121, 'KW', 'Kuwait', '2022-03-22 22:22:34', '2022-03-22 22:22:34'),
(122, 'KG', 'Kyrgyzstan', '2022-03-22 22:22:34', '2022-03-22 22:22:34'),
(123, 'LA', 'Lao People\'s Democratic Republic', '2022-03-22 22:22:34', '2022-03-22 22:22:34'),
(124, 'LV', 'Latvia', '2022-03-22 22:22:34', '2022-03-22 22:22:34'),
(125, 'LB', 'Lebanon', '2022-03-22 22:22:34', '2022-03-22 22:22:34'),
(126, 'LS', 'Lesotho', '2022-03-22 22:22:34', '2022-03-22 22:22:34'),
(127, 'LR', 'Liberia', '2022-03-22 22:22:34', '2022-03-22 22:22:34'),
(128, 'LY', 'Libyan Arab Jamahiriya', '2022-03-22 22:22:34', '2022-03-22 22:22:34'),
(129, 'LI', 'Liechtenstein', '2022-03-22 22:22:34', '2022-03-22 22:22:34'),
(130, 'LT', 'Lithuania', '2022-03-22 22:22:34', '2022-03-22 22:22:34'),
(131, 'LU', 'Luxembourg', '2022-03-22 22:22:34', '2022-03-22 22:22:34'),
(132, 'MO', 'Macau', '2022-03-22 22:22:34', '2022-03-22 22:22:34'),
(133, 'MK', 'Macedonia', '2022-03-22 22:22:34', '2022-03-22 22:22:34'),
(134, 'MG', 'Madagascar', '2022-03-22 22:22:34', '2022-03-22 22:22:34'),
(135, 'MW', 'Malawi', '2022-03-22 22:22:34', '2022-03-22 22:22:34'),
(136, 'MY', 'Malaysia', '2022-03-22 22:22:34', '2022-03-22 22:22:34'),
(137, 'MV', 'Maldives', '2022-03-22 22:22:34', '2022-03-22 22:22:34'),
(138, 'ML', 'Mali', '2022-03-22 22:22:34', '2022-03-22 22:22:34'),
(139, 'MT', 'Malta', '2022-03-22 22:22:34', '2022-03-22 22:22:34'),
(140, 'MH', 'Marshall Islands', '2022-03-22 22:22:34', '2022-03-22 22:22:34'),
(141, 'MQ', 'Martinique', '2022-03-22 22:22:34', '2022-03-22 22:22:34'),
(142, 'MR', 'Mauritania', '2022-03-22 22:22:34', '2022-03-22 22:22:34'),
(143, 'MU', 'Mauritius', '2022-03-22 22:22:34', '2022-03-22 22:22:34'),
(144, 'TY', 'Mayotte', '2022-03-22 22:22:34', '2022-03-22 22:22:34'),
(145, 'MX', 'Mexico', '2022-03-22 22:22:34', '2022-03-22 22:22:34'),
(146, 'FM', 'Micronesia, Federated States of', '2022-03-22 22:22:34', '2022-03-22 22:22:34'),
(147, 'MD', 'Moldova, Republic of', '2022-03-22 22:22:34', '2022-03-22 22:22:34'),
(148, 'MC', 'Monaco', '2022-03-22 22:22:34', '2022-03-22 22:22:34'),
(149, 'MN', 'Mongolia', '2022-03-22 22:22:34', '2022-03-22 22:22:34'),
(150, 'ME', 'Montenegro', '2022-03-22 22:22:34', '2022-03-22 22:22:34'),
(151, 'MS', 'Montserrat', '2022-03-22 22:22:34', '2022-03-22 22:22:34'),
(152, 'MA', 'Morocco', '2022-03-22 22:22:34', '2022-03-22 22:22:34'),
(153, 'MZ', 'Mozambique', '2022-03-22 22:22:34', '2022-03-22 22:22:34'),
(154, 'MM', 'Myanmar', '2022-03-22 22:22:34', '2022-03-22 22:22:34'),
(155, 'NA', 'Namibia', '2022-03-22 22:22:34', '2022-03-22 22:22:34'),
(156, 'NR', 'Nauru', '2022-03-22 22:22:34', '2022-03-22 22:22:34'),
(157, 'NP', 'Nepal', '2022-03-22 22:22:34', '2022-03-22 22:22:34'),
(158, 'NL', 'Netherlands', '2022-03-22 22:22:34', '2022-03-22 22:22:34'),
(159, 'AN', 'Netherlands Antilles', '2022-03-22 22:22:34', '2022-03-22 22:22:34'),
(160, 'NC', 'New Caledonia', '2022-03-22 22:22:34', '2022-03-22 22:22:34'),
(161, 'NZ', 'New Zealand', '2022-03-22 22:22:34', '2022-03-22 22:22:34'),
(162, 'NI', 'Nicaragua', '2022-03-22 22:22:34', '2022-03-22 22:22:34'),
(163, 'NE', 'Niger', '2022-03-22 22:22:34', '2022-03-22 22:22:34'),
(164, 'NG', 'Nigeria', '2022-03-22 22:22:34', '2022-03-22 22:22:34'),
(165, 'NU', 'Niue', '2022-03-22 22:22:34', '2022-03-22 22:22:34'),
(166, 'NF', 'Norfolk Island', '2022-03-22 22:22:34', '2022-03-22 22:22:34'),
(167, 'MP', 'Northern Mariana Islands', '2022-03-22 22:22:34', '2022-03-22 22:22:34'),
(168, 'NO', 'Norway', '2022-03-22 22:22:34', '2022-03-22 22:22:34'),
(169, 'OM', 'Oman', '2022-03-22 22:22:34', '2022-03-22 22:22:34'),
(170, 'PK', 'Pakistan', '2022-03-22 22:22:34', '2022-03-22 22:22:34'),
(171, 'PW', 'Palau', '2022-03-22 22:22:34', '2022-03-22 22:22:34'),
(172, 'PS', 'Palestine', '2022-03-22 22:22:34', '2022-03-22 22:22:34'),
(173, 'PA', 'Panama', '2022-03-22 22:22:34', '2022-03-22 22:22:34'),
(174, 'PG', 'Papua New Guinea', '2022-03-22 22:22:34', '2022-03-22 22:22:34'),
(175, 'PY', 'Paraguay', '2022-03-22 22:22:34', '2022-03-22 22:22:34'),
(176, 'PE', 'Peru', '2022-03-22 22:22:34', '2022-03-22 22:22:34'),
(177, 'PH', 'Philippines', '2022-03-22 22:22:34', '2022-03-22 22:22:34'),
(178, 'PN', 'Pitcairn', '2022-03-22 22:22:34', '2022-03-22 22:22:34'),
(179, 'PL', 'Poland', '2022-03-22 22:22:34', '2022-03-22 22:22:34'),
(180, 'PT', 'Portugal', '2022-03-22 22:22:34', '2022-03-22 22:22:34'),
(181, 'PR', 'Puerto Rico', '2022-03-22 22:22:34', '2022-03-22 22:22:34'),
(182, 'QA', 'Qatar', '2022-03-22 22:22:34', '2022-03-22 22:22:34'),
(183, 'RE', 'Reunion', '2022-03-22 22:22:34', '2022-03-22 22:22:34'),
(184, 'RO', 'Romania', '2022-03-22 22:22:34', '2022-03-22 22:22:34'),
(185, 'RU', 'Russian Federation', '2022-03-22 22:22:34', '2022-03-22 22:22:34'),
(186, 'RW', 'Rwanda', '2022-03-22 22:22:34', '2022-03-22 22:22:34'),
(187, 'KN', 'Saint Kitts and Nevis', '2022-03-22 22:22:34', '2022-03-22 22:22:34'),
(188, 'LC', 'Saint Lucia', '2022-03-22 22:22:34', '2022-03-22 22:22:34'),
(189, 'VC', 'Saint Vincent and the Grenadines', '2022-03-22 22:22:34', '2022-03-22 22:22:34'),
(190, 'WS', 'Samoa', '2022-03-22 22:22:34', '2022-03-22 22:22:34'),
(191, 'SM', 'San Marino', '2022-03-22 22:22:34', '2022-03-22 22:22:34'),
(192, 'ST', 'Sao Tome and Principe', '2022-03-22 22:22:34', '2022-03-22 22:22:34'),
(193, 'SA', 'Saudi Arabia', '2022-03-22 22:22:34', '2022-03-22 22:22:34'),
(194, 'SN', 'Senegal', '2022-03-22 22:22:34', '2022-03-22 22:22:34'),
(195, 'RS', 'Serbia', '2022-03-22 22:22:34', '2022-03-22 22:22:34'),
(196, 'SC', 'Seychelles', '2022-03-22 22:22:34', '2022-03-22 22:22:34'),
(197, 'SL', 'Sierra Leone', '2022-03-22 22:22:34', '2022-03-22 22:22:34'),
(198, 'SG', 'Singapore', '2022-03-22 22:22:34', '2022-03-22 22:22:34'),
(199, 'SK', 'Slovakia', '2022-03-22 22:22:34', '2022-03-22 22:22:34'),
(200, 'SI', 'Slovenia', '2022-03-22 22:22:35', '2022-03-22 22:22:35'),
(201, 'SB', 'Solomon Islands', '2022-03-22 22:22:35', '2022-03-22 22:22:35'),
(202, 'SO', 'Somalia', '2022-03-22 22:22:35', '2022-03-22 22:22:35'),
(203, 'ZA', 'South Africa', '2022-03-22 22:22:35', '2022-03-22 22:22:35'),
(204, 'GS', 'South Georgia South Sandwich Islands', '2022-03-22 22:22:35', '2022-03-22 22:22:35'),
(205, 'ES', 'Spain', '2022-03-22 22:22:35', '2022-03-22 22:22:35'),
(206, 'LK', 'Sri Lanka', '2022-03-22 22:22:35', '2022-03-22 22:22:35'),
(207, 'SH', 'St. Helena', '2022-03-22 22:22:35', '2022-03-22 22:22:35'),
(208, 'PM', 'St. Pierre and Miquelon', '2022-03-22 22:22:35', '2022-03-22 22:22:35'),
(209, 'SD', 'Sudan', '2022-03-22 22:22:35', '2022-03-22 22:22:35'),
(210, 'SR', 'Suriname', '2022-03-22 22:22:35', '2022-03-22 22:22:35'),
(211, 'SJ', 'Svalbard and Jan Mayen Islands', '2022-03-22 22:22:35', '2022-03-22 22:22:35'),
(212, 'SZ', 'Swaziland', '2022-03-22 22:22:35', '2022-03-22 22:22:35'),
(213, 'SE', 'Sweden', '2022-03-22 22:22:35', '2022-03-22 22:22:35'),
(214, 'CH', 'Switzerland', '2022-03-22 22:22:35', '2022-03-22 22:22:35'),
(215, 'SY', 'Syrian Arab Republic', '2022-03-22 22:22:35', '2022-03-22 22:22:35'),
(216, 'TW', 'Taiwan', '2022-03-22 22:22:35', '2022-03-22 22:22:35'),
(217, 'TJ', 'Tajikistan', '2022-03-22 22:22:35', '2022-03-22 22:22:35'),
(218, 'TZ', 'Tanzania, United Republic of', '2022-03-22 22:22:35', '2022-03-22 22:22:35'),
(219, 'TH', 'Thailand', '2022-03-22 22:22:35', '2022-03-22 22:22:35'),
(220, 'TG', 'Togo', '2022-03-22 22:22:35', '2022-03-22 22:22:35'),
(221, 'TK', 'Tokelau', '2022-03-22 22:22:35', '2022-03-22 22:22:35'),
(222, 'TO', 'Tonga', '2022-03-22 22:22:35', '2022-03-22 22:22:35'),
(223, 'TT', 'Trinidad and Tobago', '2022-03-22 22:22:35', '2022-03-22 22:22:35'),
(224, 'TN', 'Tunisia', '2022-03-22 22:22:35', '2022-03-22 22:22:35'),
(225, 'TR', 'Turkey', '2022-03-22 22:22:35', '2022-03-22 22:22:35'),
(226, 'TM', 'Turkmenistan', '2022-03-22 22:22:35', '2022-03-22 22:22:35'),
(227, 'TC', 'Turks and Caicos Islands', '2022-03-22 22:22:35', '2022-03-22 22:22:35'),
(228, 'TV', 'Tuvalu', '2022-03-22 22:22:35', '2022-03-22 22:22:35'),
(229, 'UG', 'Uganda', '2022-03-22 22:22:35', '2022-03-22 22:22:35'),
(230, 'UA', 'Ukraine', '2022-03-22 22:22:35', '2022-03-22 22:22:35'),
(231, 'AE', 'United Arab Emirates', '2022-03-22 22:22:35', '2022-03-22 22:22:35'),
(232, 'GB', 'United Kingdom', '2022-03-22 22:22:35', '2022-03-22 22:22:35'),
(233, 'US', 'United States', '2022-03-22 22:22:35', '2022-03-22 22:22:35'),
(234, 'UM', 'United States minor outlying islands', '2022-03-22 22:22:35', '2022-03-22 22:22:35'),
(235, 'UY', 'Uruguay', '2022-03-22 22:22:35', '2022-03-22 22:22:35'),
(236, 'UZ', 'Uzbekistan', '2022-03-22 22:22:35', '2022-03-22 22:22:35'),
(237, 'VU', 'Vanuatu', '2022-03-22 22:22:35', '2022-03-22 22:22:35'),
(238, 'VA', 'Vatican City State', '2022-03-22 22:22:35', '2022-03-22 22:22:35'),
(239, 'VE', 'Venezuela', '2022-03-22 22:22:35', '2022-03-22 22:22:35'),
(240, 'VN', 'Vietnam', '2022-03-22 22:22:35', '2022-03-22 22:22:35'),
(241, 'VG', 'Virgin Islands (British)', '2022-03-22 22:22:35', '2022-03-22 22:22:35'),
(242, 'VI', 'Virgin Islands (U.S.)', '2022-03-22 22:22:35', '2022-03-22 22:22:35'),
(243, 'WF', 'Wallis and Futuna Islands', '2022-03-22 22:22:35', '2022-03-22 22:22:35'),
(244, 'EH', 'Western Sahara', '2022-03-22 22:22:35', '2022-03-22 22:22:35'),
(245, 'YE', 'Yemen', '2022-03-22 22:22:35', '2022-03-22 22:22:35'),
(246, 'ZR', 'Zaire', '2022-03-22 22:22:35', '2022-03-22 22:22:35'),
(247, 'ZM', 'Zambia', '2022-03-22 22:22:35', '2022-03-22 22:22:35'),
(248, 'ZW', 'Zimbabwe', '2022-03-22 22:22:35', '2022-03-22 22:22:35');

-- --------------------------------------------------------

--
-- Table structure for table `faq`
--

CREATE TABLE `faq` (
  `id` int(11) NOT NULL,
  `question` text,
  `answer` text,
  `created_at` timestamp NULL DEFAULT CURRENT_TIMESTAMP,
  `updated_at` timestamp NULL DEFAULT CURRENT_TIMESTAMP
) ENGINE=InnoDB DEFAULT CHARSET=utf8mb4;

-- --------------------------------------------------------

--
-- Table structure for table `favored_sceneries`
--

CREATE TABLE `favored_sceneries` (
  `id` int(11) NOT NULL,
  `name` varchar(255) NOT NULL
) ENGINE=InnoDB DEFAULT CHARSET=latin1;

--
-- Dumping data for table `favored_sceneries`
--

INSERT INTO `favored_sceneries` (`id`, `name`) VALUES
(1, 'Ancient Architecture'),
(2, 'Beaches'),
(3, 'Concrete Jungles'),
(4, 'Deserts'),
(5, 'Forests'),
(6, 'Flea Markets'),
(7, 'Safari'),
(8, 'Volcanic Hotspots'),
(9, 'Wine Country'),
(10, 'Mountains'),
(11, 'Lake/River fronts'),
(12, 'Tropical Rain forests');

-- --------------------------------------------------------

--
-- Table structure for table `images`
--

CREATE TABLE `images` (
  `id` int(11) NOT NULL,
  `pakage_id` int(11) DEFAULT NULL,
  `title` varchar(255) DEFAULT NULL,
  `created_at` timestamp NULL DEFAULT CURRENT_TIMESTAMP,
  `updated_at` timestamp NULL DEFAULT CURRENT_TIMESTAMP
) ENGINE=InnoDB DEFAULT CHARSET=utf8mb4;

--
-- Dumping data for table `images`
--

INSERT INTO `images` (`id`, `pakage_id`, `title`, `created_at`, `updated_at`) VALUES
(17, 7, '16491018380.jpg', '2022-04-05 00:50:38', '2022-04-05 00:50:38'),
(20, 8, '1649102121.jpg', '2022-04-05 00:55:21', '2022-04-05 00:55:21'),
(43, 1, '16551566900.jpg', '2022-06-14 01:44:50', '2022-06-14 01:44:50'),
(44, 1, '16551566901.jpg', '2022-06-14 01:44:50', '2022-06-14 01:44:50'),
(45, 1, '16551566902.jpg', '2022-06-14 01:44:50', '2022-06-14 01:44:50'),
(46, 2, '16551568150.jpg', '2022-06-14 01:46:55', '2022-06-14 01:46:55'),
(47, 2, '16551568151.jpg', '2022-06-14 01:46:55', '2022-06-14 01:46:55'),
(48, 2, '16551568152.jpg', '2022-06-14 01:46:55', '2022-06-14 01:46:55'),
(49, 3, '16551568710.jpg', '2022-06-14 01:47:51', '2022-06-14 01:47:51'),
(50, 3, '16551568711.jpg', '2022-06-14 01:47:51', '2022-06-14 01:47:51'),
(51, 3, '16551568712.jpg', '2022-06-14 01:47:51', '2022-06-14 01:47:51'),
(52, 3, '16551568713.jpg', '2022-06-14 01:47:51', '2022-06-14 01:47:51'),
(53, 4, '16551569530.jpg', '2022-06-14 01:49:13', '2022-06-14 01:49:13'),
(54, 4, '16551569531.jpg', '2022-06-14 01:49:13', '2022-06-14 01:49:13'),
(55, 4, '16551569532.jpg', '2022-06-14 01:49:13', '2022-06-14 01:49:13'),
(56, 4, '16551569533.jpg', '2022-06-14 01:49:13', '2022-06-14 01:49:13'),
(57, 4, '16551569534.jpg', '2022-06-14 01:49:13', '2022-06-14 01:49:13'),
(58, 5, '16551570530.jpg', '2022-06-14 01:50:53', '2022-06-14 01:50:53'),
(59, 6, '16551571050.jpg', '2022-06-14 01:51:45', '2022-06-14 01:51:45'),
(60, 6, '16551571051.jpg', '2022-06-14 01:51:45', '2022-06-14 01:51:45'),
(61, 9, '16561106250.jpg', '2022-06-25 02:43:45', '2022-06-25 02:43:45'),
(62, 9, '16561106251.jpg', '2022-06-25 02:43:45', '2022-06-25 02:43:45'),
(63, 9, '16561106252.jpg', '2022-06-25 02:43:45', '2022-06-25 02:43:45'),
(64, 10, '16561106630.jpg', '2022-06-25 02:44:23', '2022-06-25 02:44:23'),
(65, 10, '16561106631.jpg', '2022-06-25 02:44:23', '2022-06-25 02:44:23'),
(66, 10, '16561106632.jpg', '2022-06-25 02:44:23', '2022-06-25 02:44:23'),
(67, 11, '16561107170.jpg', '2022-06-25 02:45:17', '2022-06-25 02:45:17'),
(68, 11, '16561107171.jpg', '2022-06-25 02:45:17', '2022-06-25 02:45:17'),
(69, 11, '16561107172.jpg', '2022-06-25 02:45:17', '2022-06-25 02:45:17'),
(70, 11, '16561107173.jpg', '2022-06-25 02:45:17', '2022-06-25 02:45:17'),
(71, 11, '16561107174.jpg', '2022-06-25 02:45:17', '2022-06-25 02:45:17'),
(72, 12, '16561107560.jpg', '2022-06-25 02:45:56', '2022-06-25 02:45:56'),
(73, 12, '16561107561.jpg', '2022-06-25 02:45:56', '2022-06-25 02:45:56'),
(74, 13, '16561111950.jpg', '2022-06-25 02:53:15', '2022-06-25 02:53:15'),
(75, 13, '16561111951.jpg', '2022-06-25 02:53:15', '2022-06-25 02:53:15'),
(76, 14, '16561112960.jpg', '2022-06-25 02:54:56', '2022-06-25 02:54:56'),
(77, 14, '16561112961.jpg', '2022-06-25 02:54:56', '2022-06-25 02:54:56'),
(78, 14, '16561112962.jpg', '2022-06-25 02:54:56', '2022-06-25 02:54:56'),
(79, 15, '16561113340.jpg', '2022-06-25 02:55:34', '2022-06-25 02:55:34'),
(80, 15, '16561113341.jpg', '2022-06-25 02:55:34', '2022-06-25 02:55:34'),
(81, 15, '16561113342.jpg', '2022-06-25 02:55:34', '2022-06-25 02:55:34'),
(82, 15, '16561113343.jpg', '2022-06-25 02:55:34', '2022-06-25 02:55:34'),
(83, 15, '16561113344.jpg', '2022-06-25 02:55:34', '2022-06-25 02:55:34'),
(84, 16, '16561113810.jpg', '2022-06-25 02:56:21', '2022-06-25 02:56:21'),
(85, 16, '16561113811.jpg', '2022-06-25 02:56:21', '2022-06-25 02:56:21'),
(86, 17, '16561123810.jpg', '2022-06-25 03:13:01', '2022-06-25 03:13:01'),
(87, 17, '16561123811.jpg', '2022-06-25 03:13:01', '2022-06-25 03:13:01'),
(88, 17, '16561123812.jpg', '2022-06-25 03:13:01', '2022-06-25 03:13:01'),
(89, 18, '16561124150.jpg', '2022-06-25 03:13:35', '2022-06-25 03:13:35'),
(90, 18, '16561124151.jpg', '2022-06-25 03:13:35', '2022-06-25 03:13:35'),
(91, 18, '16561124152.jpg', '2022-06-25 03:13:35', '2022-06-25 03:13:35'),
(92, 19, '16561124540.jpg', '2022-06-25 03:14:14', '2022-06-25 03:14:14'),
(93, 19, '16561124541.jpg', '2022-06-25 03:14:14', '2022-06-25 03:14:14'),
(94, 19, '16561124542.jpg', '2022-06-25 03:14:14', '2022-06-25 03:14:14'),
(95, 20, '16561124870.jpg', '2022-06-25 03:14:47', '2022-06-25 03:14:47'),
(96, 20, '16561124871.jpg', '2022-06-25 03:14:47', '2022-06-25 03:14:47'),
(97, 20, '16561124872.jpg', '2022-06-25 03:14:47', '2022-06-25 03:14:47'),
(98, 20, '16561124873.jpg', '2022-06-25 03:14:47', '2022-06-25 03:14:47'),
(99, 20, '16561124874.jpg', '2022-06-25 03:14:47', '2022-06-25 03:14:47'),
(100, 21, '16561174430.jpg', '2022-06-25 04:37:23', '2022-06-25 04:37:23'),
(101, 21, '16561174431.jpg', '2022-06-25 04:37:23', '2022-06-25 04:37:23'),
(102, 21, '16561174432.jpg', '2022-06-25 04:37:23', '2022-06-25 04:37:23'),
(103, 22, '16561190140.jpg', '2022-06-25 05:03:34', '2022-06-25 05:03:34'),
(104, 22, '16561190141.jpg', '2022-06-25 05:03:34', '2022-06-25 05:03:34'),
(105, 22, '16561190142.jpg', '2022-06-25 05:03:34', '2022-06-25 05:03:34'),
(106, 23, '16561190480.jpg', '2022-06-25 05:04:08', '2022-06-25 05:04:08'),
(107, 23, '16561190481.jpg', '2022-06-25 05:04:08', '2022-06-25 05:04:08'),
(108, 23, '16561190482.jpg', '2022-06-25 05:04:08', '2022-06-25 05:04:08'),
(109, 24, '16561190780.jpg', '2022-06-25 05:04:38', '2022-06-25 05:04:38'),
(110, 24, '16561190781.jpg', '2022-06-25 05:04:38', '2022-06-25 05:04:38'),
(111, 24, '16561190782.jpg', '2022-06-25 05:04:38', '2022-06-25 05:04:38'),
(112, 25, '16561191360.jpg', '2022-06-25 05:05:36', '2022-06-25 05:05:36'),
(113, 25, '16561191361.jpg', '2022-06-25 05:05:36', '2022-06-25 05:05:36'),
(114, 25, '16561191362.jpg', '2022-06-25 05:05:36', '2022-06-25 05:05:36'),
(115, 25, '16561191363.jpg', '2022-06-25 05:05:36', '2022-06-25 05:05:36'),
(116, 25, '16561191364.jpg', '2022-06-25 05:05:36', '2022-06-25 05:05:36'),
(117, 26, '16561191790.jpg', '2022-06-25 05:06:19', '2022-06-25 05:06:19'),
(118, 26, '16561191791.jpg', '2022-06-25 05:06:19', '2022-06-25 05:06:19'),
(119, 26, '16561191792.jpg', '2022-06-25 05:06:19', '2022-06-25 05:06:19'),
(120, 26, '16561191793.jpg', '2022-06-25 05:06:19', '2022-06-25 05:06:19'),
(121, 26, '16561191794.jpg', '2022-06-25 05:06:19', '2022-06-25 05:06:19'),
(122, 27, '16563543330.jpg', '2022-06-27 22:25:33', '2022-06-27 22:25:33'),
(123, 27, '16563543331.jpg', '2022-06-27 22:25:33', '2022-06-27 22:25:33'),
(124, 27, '16563543332.jpg', '2022-06-27 22:25:33', '2022-06-27 22:25:33'),
(125, 28, '16563543770.jpg', '2022-06-27 22:26:17', '2022-06-27 22:26:17'),
(126, 28, '16563543771.jpg', '2022-06-27 22:26:17', '2022-06-27 22:26:17'),
(127, 28, '16563543772.jpg', '2022-06-27 22:26:17', '2022-06-27 22:26:17'),
(128, 29, '16563544730.jpg', '2022-06-27 22:27:53', '2022-06-27 22:27:53'),
(129, 29, '16563544731.jpg', '2022-06-27 22:27:53', '2022-06-27 22:27:53'),
(130, 29, '16563544732.jpg', '2022-06-27 22:27:53', '2022-06-27 22:27:53'),
(131, 30, '16563545220.jpg', '2022-06-27 22:28:42', '2022-06-27 22:28:42'),
(132, 30, '16563545221.jpg', '2022-06-27 22:28:42', '2022-06-27 22:28:42'),
(133, 30, '16563545222.jpg', '2022-06-27 22:28:42', '2022-06-27 22:28:42'),
(134, 31, '16563545730.jpg', '2022-06-27 22:29:33', '2022-06-27 22:29:33'),
(135, 31, '16563545731.jpg', '2022-06-27 22:29:33', '2022-06-27 22:29:33'),
(136, 31, '16563545732.jpg', '2022-06-27 22:29:33', '2022-06-27 22:29:33'),
(137, 31, '16563545733.jpg', '2022-06-27 22:29:33', '2022-06-27 22:29:33'),
(138, 31, '16563545734.jpg', '2022-06-27 22:29:33', '2022-06-27 22:29:33'),
(139, 32, '16563549420.jpg', '2022-06-27 22:35:42', '2022-06-27 22:35:42'),
(140, 32, '16563549421.jpg', '2022-06-27 22:35:42', '2022-06-27 22:35:42'),
(141, 32, '16563549422.jpg', '2022-06-27 22:35:42', '2022-06-27 22:35:42'),
(142, 33, '16563549970.jpg', '2022-06-27 22:36:37', '2022-06-27 22:36:37'),
(143, 33, '16563549971.jpg', '2022-06-27 22:36:37', '2022-06-27 22:36:37'),
(144, 33, '16563549972.jpg', '2022-06-27 22:36:37', '2022-06-27 22:36:37'),
(145, 34, '16563550310.jpg', '2022-06-27 22:37:11', '2022-06-27 22:37:11'),
(146, 34, '16563550311.jpg', '2022-06-27 22:37:11', '2022-06-27 22:37:11'),
(147, 34, '16563550312.jpg', '2022-06-27 22:37:11', '2022-06-27 22:37:11'),
(148, 35, '16563550790.jpg', '2022-06-27 22:37:59', '2022-06-27 22:37:59'),
(149, 35, '16563550791.jpg', '2022-06-27 22:37:59', '2022-06-27 22:37:59'),
(150, 35, '16563550792.jpg', '2022-06-27 22:37:59', '2022-06-27 22:37:59'),
(151, 35, '16563550793.jpg', '2022-06-27 22:37:59', '2022-06-27 22:37:59'),
(152, 35, '16563550794.jpg', '2022-06-27 22:37:59', '2022-06-27 22:37:59'),
(153, 36, '16563558770.jpg', '2022-06-27 22:51:17', '2022-06-27 22:51:17'),
(154, 37, '16563559130.jpg', '2022-06-27 22:51:53', '2022-06-27 22:51:53'),
(155, 37, '16563559131.jpg', '2022-06-27 22:51:53', '2022-06-27 22:51:53'),
(156, 37, '16563559132.jpg', '2022-06-27 22:51:53', '2022-06-27 22:51:53'),
(157, 38, '16563560410.jpg', '2022-06-27 22:54:01', '2022-06-27 22:54:01'),
(158, 38, '16563560411.jpg', '2022-06-27 22:54:01', '2022-06-27 22:54:01'),
(159, 38, '16563560412.jpg', '2022-06-27 22:54:01', '2022-06-27 22:54:01'),
(161, 39, '16563571500.jpg', '2022-06-27 23:12:30', '2022-06-27 23:12:30'),
(162, 39, '16563571501.jpg', '2022-06-27 23:12:30', '2022-06-27 23:12:30'),
(163, 39, '16563571502.jpg', '2022-06-27 23:12:30', '2022-06-27 23:12:30'),
(164, 39, '16563571503.jpg', '2022-06-27 23:12:30', '2022-06-27 23:12:30'),
(165, 40, '16563572430.jpg', '2022-06-27 23:14:03', '2022-06-27 23:14:03'),
(166, 40, '16563572431.jpg', '2022-06-27 23:14:03', '2022-06-27 23:14:03'),
(167, 40, '16563572432.jpg', '2022-06-27 23:14:03', '2022-06-27 23:14:03'),
(168, 40, '16563572433.jpg', '2022-06-27 23:14:03', '2022-06-27 23:14:03'),
(169, 41, '16563583280.jpg', '2022-06-27 23:32:08', '2022-06-27 23:32:08'),
(170, 41, '16563583281.jpg', '2022-06-27 23:32:08', '2022-06-27 23:32:08'),
(171, 41, '16563583282.jpg', '2022-06-27 23:32:08', '2022-06-27 23:32:08'),
(172, 42, '16563583640.jpg', '2022-06-27 23:32:44', '2022-06-27 23:32:44'),
(173, 42, '16563583641.jpg', '2022-06-27 23:32:44', '2022-06-27 23:32:44'),
(174, 42, '16563583642.jpg', '2022-06-27 23:32:44', '2022-06-27 23:32:44'),
(175, 43, '16563584180.jpg', '2022-06-27 23:33:38', '2022-06-27 23:33:38'),
(176, 43, '16563584181.jpg', '2022-06-27 23:33:38', '2022-06-27 23:33:38'),
(177, 43, '16563584182.jpg', '2022-06-27 23:33:38', '2022-06-27 23:33:38'),
(178, 43, '16563584183.jpg', '2022-06-27 23:33:38', '2022-06-27 23:33:38'),
(179, 43, '16563584184.jpg', '2022-06-27 23:33:38', '2022-06-27 23:33:38'),
(180, 44, '16563585870.jpg', '2022-06-27 23:36:27', '2022-06-27 23:36:27'),
(181, 44, '16563585871.jpg', '2022-06-27 23:36:27', '2022-06-27 23:36:27'),
(182, 45, '16563586250.jpg', '2022-06-27 23:37:05', '2022-06-27 23:37:05'),
(183, 45, '16563586251.jpg', '2022-06-27 23:37:05', '2022-06-27 23:37:05'),
(184, 46, '16563590000.jpg', '2022-06-27 23:43:20', '2022-06-27 23:43:20'),
(185, 46, '16563590001.jpg', '2022-06-27 23:43:20', '2022-06-27 23:43:20'),
(186, 46, '16563590002.jpg', '2022-06-27 23:43:20', '2022-06-27 23:43:20'),
(187, 47, '16563590320.jpg', '2022-06-27 23:43:52', '2022-06-27 23:43:52'),
(188, 47, '16563590321.jpg', '2022-06-27 23:43:52', '2022-06-27 23:43:52'),
(189, 47, '16563590322.jpg', '2022-06-27 23:43:52', '2022-06-27 23:43:52'),
(190, 48, '16563590980.jpg', '2022-06-27 23:44:58', '2022-06-27 23:44:58'),
(191, 48, '16563590981.jpg', '2022-06-27 23:44:58', '2022-06-27 23:44:58'),
(192, 48, '16563590982.jpg', '2022-06-27 23:44:58', '2022-06-27 23:44:58'),
(193, 48, '16563590983.jpg', '2022-06-27 23:44:58', '2022-06-27 23:44:58'),
(194, 49, '16571192210.jpg', '2022-07-06 18:53:41', '2022-07-06 18:53:41'),
(195, 50, '16571192390.jpg', '2022-07-06 18:53:59', '2022-07-06 18:53:59'),
(196, 51, '16571192550.jpg', '2022-07-06 18:54:15', '2022-07-06 18:54:15'),
(197, 52, '16571192680.jpg', '2022-07-06 18:54:28', '2022-07-06 18:54:28'),
(198, 53, '16571192840.jpg', '2022-07-06 18:54:44', '2022-07-06 18:54:44'),
(199, 54, '16571198220.jpg', '2022-07-06 19:03:42', '2022-07-06 19:03:42'),
(200, 55, '16571198440.jpg', '2022-07-06 19:04:04', '2022-07-06 19:04:04'),
(201, 56, '16571200670.jpg', '2022-07-06 19:07:47', '2022-07-06 19:07:47'),
(202, 57, '16571201140.jpg', '2022-07-06 19:08:34', '2022-07-06 19:08:34'),
(203, 58, '16571201270.jpg', '2022-07-06 19:08:47', '2022-07-06 19:08:47'),
(204, 59, '16571201470.jpg', '2022-07-06 19:09:07', '2022-07-06 19:09:07'),
(207, 60, '16573044430.jfif', '2022-07-08 22:20:43', '2022-07-08 22:20:43'),
(208, 60, '16573044431.jfif', '2022-07-08 22:20:43', '2022-07-08 22:20:43'),
(209, 60, '16573044432.jfif', '2022-07-08 22:20:43', '2022-07-08 22:20:43'),
(210, 61, '16573051000.png', '2022-07-08 22:31:40', '2022-07-08 22:31:40'),
(211, 62, '16579102500.jpg', '2022-07-15 22:37:30', '2022-07-15 22:37:30');

-- --------------------------------------------------------

--
-- Table structure for table `jobs`
--

CREATE TABLE `jobs` (
  `id` int(11) NOT NULL,
  `title` varchar(55) NOT NULL,
  `description` text,
  `images` varchar(500) DEFAULT NULL,
  `start_date` date NOT NULL,
  `end_date` date NOT NULL,
  `status` int(11) NOT NULL DEFAULT '0',
  `created_at` timestamp NOT NULL DEFAULT CURRENT_TIMESTAMP,
  `updated_at` timestamp NOT NULL DEFAULT CURRENT_TIMESTAMP
) ENGINE=InnoDB DEFAULT CHARSET=utf8mb4;

--
-- Dumping data for table `jobs`
--

INSERT INTO `jobs` (`id`, `title`, `description`, `images`, `start_date`, `end_date`, `status`, `created_at`, `updated_at`) VALUES
(1, 'dummy', 'dummy', '1655489969.jpg', '2022-06-17', '2022-07-18', 1, '2022-04-08 00:05:28', '2022-06-17 22:19:29'),
(2, 'test 1', 'test 1', '1655489994.jpg', '2022-06-17', '2022-07-18', 1, '2022-05-12 22:55:57', '2022-06-17 22:19:54');

-- --------------------------------------------------------

--
-- Table structure for table `jobs_applied`
--

CREATE TABLE `jobs_applied` (
  `id` int(11) NOT NULL,
  `user_id` int(11) NOT NULL,
  `job_id` int(11) NOT NULL,
  `status` int(11) NOT NULL COMMENT '0 = pending, 1 = completed, 2 = cancelled',
  `created_at` timestamp NOT NULL DEFAULT CURRENT_TIMESTAMP,
  `updated_at` timestamp NOT NULL DEFAULT CURRENT_TIMESTAMP
) ENGINE=InnoDB DEFAULT CHARSET=utf8mb4;

--
-- Dumping data for table `jobs_applied`
--

INSERT INTO `jobs_applied` (`id`, `user_id`, `job_id`, `status`, `created_at`, `updated_at`) VALUES
(1, 1, 1, 1, '2022-04-08 00:05:52', '2022-07-12 17:14:09'),
(2, 29, 2, 0, '2022-06-15 23:20:10', '2022-06-15 23:20:10'),
(3, 92, 1, 0, '2022-07-07 19:18:00', '2022-07-07 19:18:00'),
(4, 104, 1, 0, '2022-07-13 20:04:17', '2022-07-13 20:04:17');

-- --------------------------------------------------------

--
-- Table structure for table `journies`
--

CREATE TABLE `journies` (
  `id` int(11) NOT NULL,
  `invoice_number` varchar(255) DEFAULT NULL,
  `user_id` int(11) DEFAULT NULL,
  `guide_id` int(11) DEFAULT NULL COMMENT 'guider id',
  `package_id` int(11) DEFAULT NULL,
  `payment_type` varchar(255) DEFAULT NULL,
  `meta_hash` varchar(255) DEFAULT NULL,
  `meta_from` varchar(255) DEFAULT NULL,
  `payment_id` varchar(255) DEFAULT NULL,
  `payment_url` text,
  `status` int(11) DEFAULT '0' COMMENT '0 = Process,1 = Completed , 2 = Rejected',
  `member_ship_id` int(11) DEFAULT NULL,
  `total_price` decimal(14,2) DEFAULT NULL,
  `is_paid` int(11) DEFAULT '0' COMMENT '0 = unsuccessfully payment,1 = successfully payment',
  `created_at` timestamp NULL DEFAULT NULL,
  `updated_at` timestamp NULL DEFAULT NULL
) ENGINE=InnoDB DEFAULT CHARSET=utf8mb4;

--
-- Dumping data for table `journies`
--

INSERT INTO `journies` (`id`, `invoice_number`, `user_id`, `guide_id`, `package_id`, `payment_type`, `meta_hash`, `meta_from`, `payment_id`, `payment_url`, `status`, `member_ship_id`, `total_price`, `is_paid`, `created_at`, `updated_at`) VALUES
(1, NULL, 2, 1, 1, NULL, NULL, NULL, 'ch_3KjXOdFF6yglEvQF0BSZeTnt', 'https://pay.stripe.com/receipts/acct_1KEflEFF6yglEvQF/ch_3KjXOdFF6yglEvQF0BSZeTnt/rcpt_LQOAabNv2v3rHVinXPIyXfPHB6Ee1yi', NULL, NULL, '604.00', 1, '2022-04-01 04:27:20', '2022-04-01 04:27:20'),
(2, NULL, 8, 1, 1, NULL, NULL, NULL, '604', '0x65be55f49e00b0c909f8b86f1ddd1cea3b2e02851f9a71edb66247f9b318e93b', NULL, NULL, '604.00', 1, '2022-04-29 05:11:05', '2022-04-29 05:11:05'),
(3, NULL, 8, 1, 1, NULL, NULL, NULL, '604', '0x43f6e1765c0139d748299474a1e6ca0a209f4cb7b4f8cabf010968f1ddf4c6b6', NULL, NULL, '604.00', 1, '2022-04-29 05:11:40', '2022-04-29 05:11:40'),
(4, NULL, 1, 1, 3, NULL, NULL, NULL, 'ch_3KxwtXFF6yglEvQF1eNOeVha', 'https://pay.stripe.com/receipts/acct_1KEflEFF6yglEvQF/ch_3KxwtXFF6yglEvQF1eNOeVha/rcpt_LfHSIAlmnWSBT1GkehcCx12jkeWaHQF', NULL, NULL, '53.00', 1, '2022-05-10 22:30:48', '2022-05-10 22:30:48'),
(5, NULL, 3, 1, 1, NULL, NULL, NULL, 'ch_3Kyg4HFF6yglEvQF0d4MUZ0h', 'https://pay.stripe.com/receipts/acct_1KEflEFF6yglEvQF/ch_3Kyg4HFF6yglEvQF0d4MUZ0h/rcpt_Lg28BU9DyQkPYpimAQyW7ac8s3ATtCW', NULL, NULL, '604.00', 1, '2022-05-12 22:44:54', '2022-05-12 22:44:54'),
(6, NULL, 3, 1, 1, NULL, NULL, NULL, 'ch_3LBjLIFF6yglEvQF0viXIN0R', 'https://pay.stripe.com/receipts/acct_1KEflEFF6yglEvQF/ch_3LBjLIFF6yglEvQF0viXIN0R/rcpt_LtWOz1ZugIKJTPOR4Lt79K8DwTeZMkG', NULL, NULL, '604.00', 1, '2022-06-17 21:52:25', '2022-06-17 21:52:25'),
(7, 'meta657199339', 3, 1, 1, 'Through Meta', '0xdcc5aabbec770d853373cedc21221a2d88be13850ceade7e334b5548b6da89e8', '0xE7e8Ee4b06D27E14195Fa316ef34F8c2fA993C80', NULL, NULL, 1, NULL, '604.00', 1, '2022-07-01 08:14:51', '2022-07-01 08:14:51'),
(8, 'meta491509164', 3, 1, 1, 'Through Meta', '0xf67c21b64aa953b0b9a1efd7e7f1af542df0e35e8682bd1c8289f017a4c91bff', '0xE7e8Ee4b06D27E14195Fa316ef34F8c2fA993C80', NULL, NULL, 1, NULL, '604.00', 1, '2022-07-01 08:17:25', '2022-07-01 08:17:25'),
(9, 'meta726361590', 3, 1, 1, 'Through Meta', '0x9c54257bbeba7a3b86c36f6325169831df424850fa5d616de039b993e82fffde', '0xE7e8Ee4b06D27E14195Fa316ef34F8c2fA993C80', NULL, NULL, 1, NULL, '604.00', 1, '2022-07-01 08:20:11', '2022-07-01 08:20:11'),
(10, 'meta944413903', 3, 1, 1, 'Through Meta', '0x048cf5f0e61c24cc893af8f362189e53ac469682c26dc765ef45a19feff3392b', '0xE7e8Ee4b06D27E14195Fa316ef34F8c2fA993C80', NULL, NULL, 1, NULL, '604.00', 1, '2022-07-01 08:24:45', '2022-07-01 08:24:45'),
(11, 'meta718874377', 3, 1, 1, 'Through Meta', '0x4d78ee638654f7e9fbc5630fe3b7968030c5f928fa4a045f9a1cef3eac2ac6b7', '0xE7e8Ee4b06D27E14195Fa316ef34F8c2fA993C80', NULL, NULL, 1, NULL, '604.00', 1, '2022-07-01 08:27:58', '2022-07-01 08:27:58'),
(12, 'meta188659135', 3, 1, 1, 'Through Meta', '0xc7a2262da41690da71ebcb8148a75c6add49ca723e978df80656127079ccdbce', '0xE7e8Ee4b06D27E14195Fa316ef34F8c2fA993C80', NULL, NULL, 1, NULL, '604.00', 1, '2022-07-01 19:20:09', '2022-07-01 19:20:09'),
(30, '1657133269158566783', 3, 1, 5, 'Through Meta', '0x10d8fe55bc73029c338b9263df834ba4c9ae0cce1f7c68daa139e2acfeca83a7', '0xE7e8Ee4b06D27E14195Fa316ef34F8c2fA993C80', NULL, NULL, 1, NULL, '637.00', 1, '2022-07-06 22:47:49', '2022-07-06 22:47:49'),
(31, '1657134055508142744', 3, 1, 5, 'Through Meta', '0x74c2365c6c9f26dbea3dc55442cb9418de943df2828f4023768ce1743c5adbfa', '0xE7e8Ee4b06D27E14195Fa316ef34F8c2fA993C80', NULL, NULL, 1, NULL, '637.00', 1, '2022-07-06 23:00:55', '2022-07-06 23:00:55'),
(32, '1657134163755164294', 3, 1, 5, 'Through Meta', '0x6a57092fe805001c61434fa0864018f2fd946b10106dee137ec9e0e4508a34b3', '0xE7e8Ee4b06D27E14195Fa316ef34F8c2fA993C80', NULL, NULL, 1, NULL, '637.00', 1, '2022-07-06 23:02:43', '2022-07-06 23:02:43'),
(33, '1657134195787547164', 3, 1, 5, 'Through Meta', '0x9ecb534d39390ddae4bcf4bb940562dc7eb19c949e0a3463081910d5eeac81d2', '0xE7e8Ee4b06D27E14195Fa316ef34F8c2fA993C80', NULL, NULL, 1, NULL, '637.00', 1, '2022-07-06 23:03:15', '2022-07-06 23:03:15'),
(34, '1657134228685660027', 3, 1, 5, 'Through Meta', '0x376cdaa319d68b160c6fbc45a60949698900795b9b7a8057ba39daafd352bb58', '0xE7e8Ee4b06D27E14195Fa316ef34F8c2fA993C80', NULL, NULL, 1, NULL, '637.00', 1, '2022-07-06 23:03:48', '2022-07-06 23:03:48'),
(35, '1657134261976842830', 3, 1, 5, 'Through Meta', '0xcb3b2de0617e8a26ad804cb0eb8d262a5c855a527c9029711149147f7e31d50e', '0xE7e8Ee4b06D27E14195Fa316ef34F8c2fA993C80', NULL, NULL, 1, NULL, '637.00', 1, '2022-07-06 23:04:21', '2022-07-06 23:04:21'),
(36, '1657134291184226612', 3, 1, 5, 'Through Meta', '0x5d2019f207e4562eb4793237745cf283302a781f25b45eb9b2b5586dc3da5084', '0xE7e8Ee4b06D27E14195Fa316ef34F8c2fA993C80', NULL, NULL, 1, NULL, '637.00', 1, '2022-07-06 23:04:51', '2022-07-06 23:04:51'),
(37, '1657134421866021912', 3, 1, 5, 'Through Meta', '0xc032399f729c612a3d710eb7d830adaa5e8d5438c1efad7d01c7c2670f2056c5', '0xE7e8Ee4b06D27E14195Fa316ef34F8c2fA993C80', NULL, NULL, 1, NULL, '637.00', 1, '2022-07-06 23:07:01', '2022-07-06 23:07:01'),
(39, '1657196269920005142', 3, 1, 1, 'Through Meta', '0x815de136d61c2d2af3745ed34b8d68f45ad9e03de2f9123b2d8544575b15afb0', '0xE7e8Ee4b06D27E14195Fa316ef34F8c2fA993C80', NULL, NULL, 1, NULL, '604.00', 1, '2022-07-07 16:17:49', '2022-07-07 16:17:49'),
(40, '1657197947944103225', 3, 1, 1, 'Through Meta', '0x1b269f775911494a2686098147f48bd1d7044bdf4bb69b803faf7562867894b4', '0xE7e8Ee4b06D27E14195Fa316ef34F8c2fA993C80', NULL, NULL, 1, NULL, '604.00', 1, '2022-07-07 16:45:47', '2022-07-07 16:45:47'),
(41, '1657207282729735623', 3, 1, 3, 'Through Stripe', NULL, NULL, 'ch_3LIwW8EE1bl5YY9C0U47mLNp', 'https://pay.stripe.com/receipts/acct_1LI9HwEE1bl5YY9C/ch_3LIwW8EE1bl5YY9C0U47mLNp/rcpt_M0yTKK25JjNg6AuzNHuXIuaDpbJxq0j', 1, NULL, '53.00', 1, '2022-07-07 19:21:25', '2022-07-07 19:21:25'),
(44, '1657304770282699980', 43, 102, 60, 'Through Stripe', NULL, NULL, 'ch_3LJLsVEE1bl5YY9C0BHR35HD', 'https://pay.stripe.com/receipts/acct_1LI9HwEE1bl5YY9C/ch_3LJLsVEE1bl5YY9C0BHR35HD/rcpt_M1OfSwhmr7z0GGTUZ5K0bgVgTfLKcki', 1, NULL, '150.00', 1, '2022-07-08 22:26:12', '2022-07-08 22:26:12'),
(45, '1657307498605975093', 103, 101, 61, 'Through Meta', '0x06921c6b15677c0a6c4c281bc6d93054f8a0a413e02aec89e0e14a93bec99796', '0xE7e8Ee4b06D27E14195Fa316ef34F8c2fA993C80', NULL, NULL, 1, NULL, '3900.00', 1, '2022-07-08 23:11:38', '2022-07-08 23:11:38'),
(46, '43423534646566534', 89, 1, 1, 'Through Stripe', NULL, NULL, '43534675786587', NULL, 1, NULL, '604.00', 1, '2022-07-13 19:11:31', '2022-07-15 19:52:34'),
(47, '1657808821971424778', 43, 102, 60, 'Through Stripe', NULL, NULL, 'ch_3LLT0MEE1bl5YY9C078kRGP8', 'https://pay.stripe.com/receipts/acct_1LI9HwEE1bl5YY9C/ch_3LLT0MEE1bl5YY9C078kRGP8/rcpt_M3aAjsFs4TyfYA2NeNOBsnbG5oGw7Ck', 1, NULL, '150.00', 1, '2022-07-14 18:27:03', '2022-07-14 18:27:03'),
(48, '16578981748250', 89, 102, 60, 'Through Stripe', NULL, NULL, 'pi_3LLqF7EE1bl5YY9C1KroeSUA', NULL, 1, NULL, '150.00', 1, '2022-07-15 19:16:16', '2022-07-15 19:16:16'),
(50, '16578992790740', 89, 102, 60, 'Through Stripe', NULL, NULL, 'pi_3LLqWxEE1bl5YY9C1tAq2lcO', NULL, 1, NULL, '150.00', 1, '2022-07-15 19:34:40', '2022-07-15 19:34:40'),
(51, '16579005177730', 43, 102, 60, 'Through Stripe', NULL, NULL, 'pi_3LLqqbEE1bl5YY9C1OSakRPG', NULL, 1, NULL, '150.00', 1, '2022-07-15 19:55:18', '2022-07-15 19:55:18'),
(52, '1657901589501255139', 43, 1, 1, 'Through Stripe', NULL, NULL, 'ch_3LLr8cEE1bl5YY9C0Ly0dS5J', 'https://pay.stripe.com/receipts/acct_1LI9HwEE1bl5YY9C/ch_3LLr8cEE1bl5YY9C0Ly0dS5J/rcpt_M3z6PwLoEaFNhTJM62tnPTr0KtitoYp', 1, NULL, '604.00', 1, '2022-07-15 20:13:12', '2022-07-15 20:13:12'),
(53, '16582550503390', 43, 102, 60, 'Through Stripe', NULL, NULL, 'pi_3LNL5GEE1bl5YY9C1lzaZb0M', NULL, 1, NULL, '150.00', 1, '2022-07-19 22:24:12', '2022-07-19 22:24:12');

-- --------------------------------------------------------

--
-- Table structure for table `membership_plans`
--

CREATE TABLE `membership_plans` (
  `id` int(11) NOT NULL,
  `title` varchar(255) NOT NULL,
  `price` decimal(15,2) NOT NULL,
  `plan_type` varchar(255) DEFAULT NULL,
  `no_of_packages` int(11) NOT NULL,
  `duration` int(11) NOT NULL,
  `created_at` timestamp NOT NULL DEFAULT CURRENT_TIMESTAMP,
  `updated_at` timestamp NOT NULL DEFAULT CURRENT_TIMESTAMP
) ENGINE=InnoDB DEFAULT CHARSET=utf8mb4;

--
-- Dumping data for table `membership_plans`
--

INSERT INTO `membership_plans` (`id`, `title`, `price`, `plan_type`, `no_of_packages`, `duration`, `created_at`, `updated_at`) VALUES
(1, 'Free', '0.00', NULL, 1, 3, '2022-03-24 19:42:47', '2022-03-24 19:42:47'),
(2, 'Deluxe', '19.99', NULL, 5, 30, '2022-03-24 19:42:47', '2022-03-24 19:42:47'),
(3, 'Premium', '29.99', NULL, 2147483647, 30, '2022-03-24 19:42:51', '2022-03-24 19:42:51'),
(4, 'Monthly ', '19.99', 'Alternative', 2147483647, 30, '2022-03-24 19:42:51', '2022-03-24 19:42:51'),
(5, 'Quarterly', '55.00', 'Alternative', 2147483647, 90, '2022-03-24 19:46:18', '2022-03-24 19:46:18'),
(6, 'Half-Yearly', '100.00', 'Alternative', 2147483647, 180, '2022-03-24 19:46:18', '2022-03-24 19:46:18'),
(7, 'Yearly', '199.00', 'Alternative', 2147483647, 365, '2022-03-24 19:46:18', '2022-03-24 19:46:18');

-- --------------------------------------------------------

--
-- Table structure for table `member_ships`
--

CREATE TABLE `member_ships` (
  `id` int(11) NOT NULL,
  `invoice_number` varchar(255) DEFAULT NULL,
  `user_id` int(11) NOT NULL,
  `membership_id` int(11) NOT NULL,
  `payment_type` varchar(255) DEFAULT NULL,
  `meta_hash` varchar(255) DEFAULT NULL,
  `meta_from` varchar(255) DEFAULT NULL,
  `payment_id` varchar(255) DEFAULT NULL,
  `receipt_url` text,
  `title` varchar(255) DEFAULT NULL,
  `price` decimal(14,2) DEFAULT NULL,
  `description` text,
  `no_of_packages` bigint(11) DEFAULT NULL,
  `duration` int(11) NOT NULL,
  `created_at` timestamp NULL DEFAULT CURRENT_TIMESTAMP,
  `updated_at` timestamp NULL DEFAULT CURRENT_TIMESTAMP
) ENGINE=InnoDB DEFAULT CHARSET=utf8mb4;

--
-- Dumping data for table `member_ships`
--

INSERT INTO `member_ships` (`id`, `invoice_number`, `user_id`, `membership_id`, `payment_type`, `meta_hash`, `meta_from`, `payment_id`, `receipt_url`, `title`, `price`, `description`, `no_of_packages`, `duration`, `created_at`, `updated_at`) VALUES
(2, NULL, 1, 2, NULL, NULL, NULL, 'ch_3KjXHjFF6yglEvQF1mLdYumc', 'https://pay.stripe.com/receipts/acct_1KEflEFF6yglEvQF/ch_3KjXHjFF6yglEvQF1mLdYumc/rcpt_LQO3FncTi7nJjnTrpbV0eABcLYEts3g', 'Deluxe', '19.99', NULL, 5, 30, '2022-04-01 04:20:12', '2022-04-01 04:20:12'),
(7, NULL, 1, 7, NULL, NULL, NULL, 'ch_3KxwikFF6yglEvQF0w1RYxqe', 'https://pay.stripe.com/receipts/acct_1KEflEFF6yglEvQF/ch_3KxwikFF6yglEvQF0w1RYxqe/rcpt_LfHHJnH2XSF3UphCXT3w5QvfrMDhzmd', 'Yearly', '199.00', NULL, 2147483647, 365, '2022-05-10 22:19:39', '2022-05-10 22:19:39'),
(9, NULL, 29, 3, NULL, NULL, NULL, 'ch_3LB1kQFF6yglEvQF0uPnzC4G', 'https://pay.stripe.com/receipts/acct_1KEflEFF6yglEvQF/ch_3LB1kQFF6yglEvQF0uPnzC4G/rcpt_LsnLw85Ed3NpuQhiWPftQyFvZcCeYiG', 'Premium', '29.99', NULL, 2147483647, 30, '2022-06-15 23:19:27', '2022-06-15 23:19:27'),
(10, NULL, 63, 7, NULL, NULL, NULL, 'ch_3LELCrFF6yglEvQF0O7AkLZ4', 'https://pay.stripe.com/receipts/acct_1KEflEFF6yglEvQF/ch_3LELCrFF6yglEvQF0O7AkLZ4/rcpt_LwDejIpYr864JIeesGYbSmjIp2mHXya', 'Yearly', '199.00', NULL, 2147483647, 365, '2022-06-25 02:42:30', '2022-06-25 02:42:30'),
(11, NULL, 64, 6, NULL, NULL, NULL, 'ch_3LELLrFF6yglEvQF19noK3HA', 'https://pay.stripe.com/receipts/acct_1KEflEFF6yglEvQF/ch_3LELLrFF6yglEvQF19noK3HA/rcpt_LwDnMNyKu5UzRLgFkXaKS3BPJktW9GQ', 'Half-Yearly', '100.00', NULL, 2147483647, 180, '2022-06-25 02:51:48', '2022-06-25 02:51:48'),
(12, NULL, 65, 5, NULL, NULL, NULL, 'ch_3LELfOFF6yglEvQF0spZQkUR', 'https://pay.stripe.com/receipts/acct_1KEflEFF6yglEvQF/ch_3LELfOFF6yglEvQF0spZQkUR/rcpt_LwE7GJkV6wORsVwt4JQxIiJoEZkczzq', 'Quarterly', '55.00', NULL, 2147483647, 90, '2022-06-25 03:11:59', '2022-06-25 03:11:59'),
(13, NULL, 66, 4, NULL, NULL, NULL, 'ch_3LEMytFF6yglEvQF0NB1q5cx', 'https://pay.stripe.com/receipts/acct_1KEflEFF6yglEvQF/ch_3LEMytFF6yglEvQF0NB1q5cx/rcpt_LwFTSjzy3pArijsf4jQbQkGsA8j6uOs', 'Monthly ', '19.99', NULL, 2147483647, 30, '2022-06-25 04:36:12', '2022-06-25 04:36:12'),
(14, NULL, 67, 6, NULL, NULL, NULL, 'ch_3LENOeFF6yglEvQF09SSUTcB', 'https://pay.stripe.com/receipts/acct_1KEflEFF6yglEvQF/ch_3LENOeFF6yglEvQF09SSUTcB/rcpt_LwFuaDfIvbUAF1PMoHV0Vl0TkNQF1GV', 'Half-Yearly', '100.00', NULL, 2147483647, 180, '2022-06-25 05:02:49', '2022-06-25 05:02:49'),
(15, NULL, 68, 5, NULL, NULL, NULL, 'ch_3LENYjFF6yglEvQF1HxaRxQB', 'https://pay.stripe.com/receipts/acct_1KEflEFF6yglEvQF/ch_3LENYjFF6yglEvQF1HxaRxQB/rcpt_LwG44AAD0BauOh88isn0i49Of8towIJ', 'Quarterly', '55.00', NULL, 2147483647, 90, '2022-06-25 05:13:14', '2022-06-25 05:13:14'),
(16, NULL, 69, 6, NULL, NULL, NULL, 'ch_3LFMc8FF6yglEvQF18iwvQPu', 'https://pay.stripe.com/receipts/acct_1KEflEFF6yglEvQF/ch_3LFMc8FF6yglEvQF18iwvQPu/rcpt_LxHAdRfvOMg2UvHtAfUdIxrYzdnHTdF', 'Half-Yearly', '100.00', NULL, 2147483647, 180, '2022-06-27 22:24:49', '2022-06-27 22:24:49'),
(17, NULL, 70, 7, NULL, NULL, NULL, 'ch_3LFMljFF6yglEvQF0AhVOAEK', 'https://pay.stripe.com/receipts/acct_1KEflEFF6yglEvQF/ch_3LFMljFF6yglEvQF0AhVOAEK/rcpt_LxHK26xhNjzmkVopWPT8MhMUJkMGWcU', 'Yearly', '199.00', NULL, 2147483647, 365, '2022-06-27 22:34:44', '2022-06-27 22:34:44'),
(18, NULL, 71, 5, NULL, NULL, NULL, 'ch_3LFN0UFF6yglEvQF1dGM3Fnr', 'https://pay.stripe.com/receipts/acct_1KEflEFF6yglEvQF/ch_3LFN0UFF6yglEvQF1dGM3Fnr/rcpt_LxHZPehi5SyKRnQA3pRyidYnETVORWj', 'Quarterly', '55.00', NULL, 2147483647, 90, '2022-06-27 22:49:58', '2022-06-27 22:49:58'),
(19, NULL, 72, 7, NULL, NULL, NULL, 'ch_3LFNS0FF6yglEvQF0dsXeyip', 'https://pay.stripe.com/receipts/acct_1KEflEFF6yglEvQF/ch_3LFNS0FF6yglEvQF0dsXeyip/rcpt_LxI2rPunx3M4LVP0m5jDO9BjlzWNEtX', 'Yearly', '199.00', NULL, 2147483647, 365, '2022-06-27 23:18:25', '2022-06-27 23:18:25'),
(20, 'meta601091238', 74, 3, 'Through Meta', '0xabf757b4ddd545ae83450843ed0874909a1fe6715baa4f7ec4a0c2e1674a9a92', '0xE7e8Ee4b06D27E14195Fa316ef34F8c2fA993C80', NULL, NULL, 'Premium', '29.99', NULL, 2147483647, 30, '2022-07-05 18:10:11', '2022-07-05 18:10:11'),
(21, NULL, 73, 7, 'Through Stripe', NULL, NULL, 'ch_3LIHwOFF6yglEvQF1e5SLJ5z', 'https://pay.stripe.com/receipts/acct_1KEflEFF6yglEvQF/ch_3LIHwOFF6yglEvQF1e5SLJ5z/rcpt_M0IXW2CHuyLQr6ER9061qDW1FMBcfSm', 'Yearly', '199.00', NULL, 2147483647, 365, '2022-07-06 00:01:49', '2022-07-06 00:01:49'),
(22, NULL, 77, 7, 'Through Stripe', NULL, NULL, 'ch_3LII3FFF6yglEvQF1HAV8vwX', 'https://pay.stripe.com/receipts/acct_1KEflEFF6yglEvQF/ch_3LII3FFF6yglEvQF1HAV8vwX/rcpt_M0IeCGUrwDrqGKhdpcsNUYyPJf0uSyQ', 'Yearly', '199.00', NULL, 2147483647, 365, '2022-07-06 00:08:54', '2022-07-06 00:08:54'),
(23, '1657119092897006362', 73, 5, 'Through Stripe', NULL, NULL, 'ch_3LIZZhEE1bl5YY9C0kPtFv3f', 'https://pay.stripe.com/receipts/acct_1LI9HwEE1bl5YY9C/ch_3LIZZhEE1bl5YY9C0kPtFv3f/rcpt_M0al5sv69bcg0U3O9rDJzScohRnPFXE', 'Quarterly', '55.00', NULL, 2147483647, 90, '2022-07-06 18:51:34', '2022-07-06 18:51:34'),
(24, '1657119144368364613', 73, 4, 'Through Stripe', NULL, NULL, 'ch_3LIZaYEE1bl5YY9C1jB0UpLU', 'https://pay.stripe.com/receipts/acct_1LI9HwEE1bl5YY9C/ch_3LIZaYEE1bl5YY9C1jB0UpLU/rcpt_M0am5rI4BIVAITpq3v2Ul3w5DVq8p7r', 'Monthly ', '19.99', NULL, 2147483647, 30, '2022-07-06 18:52:27', '2022-07-06 18:52:27'),
(29, NULL, 88, 1, NULL, NULL, NULL, NULL, NULL, NULL, NULL, NULL, 1, 3, '2022-07-06 20:56:06', '2022-07-06 20:56:06'),
(30, NULL, 92, 1, NULL, NULL, NULL, NULL, NULL, NULL, NULL, NULL, 1, 3, '2022-07-07 19:17:56', '2022-07-07 19:17:56'),
(31, '1657210266603715497', 96, 2, 'Through Stripe', NULL, NULL, 'ch_3LIxIFEE1bl5YY9C14m9FhnS', 'https://pay.stripe.com/receipts/acct_1LI9HwEE1bl5YY9C/ch_3LIxIFEE1bl5YY9C14m9FhnS/rcpt_M0zGHSvi2aPqlO7YVS8LCaqpDlubLAi', 'Deluxe', '19.99', NULL, 5, 30, '2022-07-07 20:11:08', '2022-07-07 20:11:08'),
(32, '1657210294733868712', 96, 3, 'Through Meta', '0xd162b24dbb1089517dcb5429652ba39c7f59327b887c1b6dce49469f8ba1e402', '0xE7e8Ee4b06D27E14195Fa316ef34F8c2fA993C80', NULL, NULL, 'Premium', '29.99', NULL, 2147483647, 30, '2022-07-07 20:11:34', '2022-07-07 20:11:34'),
(33, '1657210415872405479', 96, 5, 'Through Meta', '0x13cba0b7bebf947ca9e0473e7fa544f1fd0c795aa7304cb2498c5d7b12a28423', '0xE7e8Ee4b06D27E14195Fa316ef34F8c2fA993C80', NULL, NULL, 'Quarterly', '55.00', NULL, 2147483647, 90, '2022-07-07 20:13:35', '2022-07-07 20:13:35'),
(34, '1657210451356842961', 96, 7, 'Through Meta', '0xbc550f862122d3b345280334745dda2a471bb1332db5575908615c8b1471caae', '0xE7e8Ee4b06D27E14195Fa316ef34F8c2fA993C80', NULL, NULL, 'Yearly', '199.00', NULL, 2147483647, 365, '2022-07-07 20:14:11', '2022-07-07 20:14:11'),
(35, '1657210531858264215', 96, 7, 'Through Meta', '0x297bd86cebd420c87da4ca4ebc29e59f84db6d84b8cfdcac8581fd3c73037282', '0xE7e8Ee4b06D27E14195Fa316ef34F8c2fA993C80', NULL, NULL, 'Yearly', '199.00', NULL, 2147483647, 365, '2022-07-07 20:15:31', '2022-07-07 20:15:31'),
(36, '1657210742997369228', 96, 7, 'Through Meta', '0xfd0f0595034759316e8f7d30dd27f914f3a94cbdde5ce71f54012a579e9d97ff', '0xE7e8Ee4b06D27E14195Fa316ef34F8c2fA993C80', NULL, NULL, 'Yearly', '199.00', NULL, 2147483647, 365, '2022-07-07 20:19:02', '2022-07-07 20:19:02'),
(37, '1657210891502984840', 96, 6, 'Through Meta', '0xbb89b1dbeecea99aa1c362aa811288d7cae35dbb4e50478f1f3381f83e3d0d37', '0xE7e8Ee4b06D27E14195Fa316ef34F8c2fA993C80', NULL, NULL, 'Half-Yearly', '100.00', NULL, 2147483647, 180, '2022-07-07 20:21:31', '2022-07-07 20:21:31'),
(38, '1657210950989632455', 96, 6, 'Through Meta', '0xd31cd4355880296419ad5d79203fc1f75a121f5074a042a08f6384c73815ec89', '0xE7e8Ee4b06D27E14195Fa316ef34F8c2fA993C80', NULL, NULL, 'Half-Yearly', '100.00', NULL, 2147483647, 180, '2022-07-07 20:22:30', '2022-07-07 20:22:30'),
(39, '1657211150489879871', 96, 6, 'Through Meta', '0xe1a4789e03878a3f63c10bdd6950f92a52b490855ccd8f8f1f327e540a943c79', '0xE7e8Ee4b06D27E14195Fa316ef34F8c2fA993C80', NULL, NULL, 'Half-Yearly', '100.00', NULL, 2147483647, 180, '2022-07-07 20:25:50', '2022-07-07 20:25:50'),
(40, '1657211305406845668', 96, 6, 'Through Meta', '0x5b17e377706686d1e53567e7940057ab410cb27c559d8bc5fc8fc01a54c578c0', '0xE7e8Ee4b06D27E14195Fa316ef34F8c2fA993C80', NULL, NULL, 'Half-Yearly', '100.00', NULL, 2147483647, 180, '2022-07-07 20:28:25', '2022-07-07 20:28:25'),
(41, '1657211382160526306', 96, 6, 'Through Meta', '0xec8afba67c51e544dc418f279add9258d1728bb75b82b4e12973b4afce6884d2', '0xE7e8Ee4b06D27E14195Fa316ef34F8c2fA993C80', NULL, NULL, 'Half-Yearly', '100.00', NULL, 2147483647, 180, '2022-07-07 20:29:42', '2022-07-07 20:29:42'),
(43, '1657302130808848467', 101, 2, 'Through Stripe', NULL, NULL, 'ch_3LJLBvEE1bl5YY9C0X86n2kM', 'https://pay.stripe.com/receipts/acct_1LI9HwEE1bl5YY9C/ch_3LJLBvEE1bl5YY9C0X86n2kM/rcpt_M1NxjUg5B8tR0G9h8IJTReiZK4MPA8t', 'Deluxe', '19.99', NULL, 5, 30, '2022-07-08 21:42:13', '2022-07-08 21:42:13'),
(44, '1657302163182963041', 101, 3, 'Through Stripe', NULL, NULL, 'ch_3LJLCSEE1bl5YY9C0quALQAD', 'https://pay.stripe.com/receipts/acct_1LI9HwEE1bl5YY9C/ch_3LJLCSEE1bl5YY9C0quALQAD/rcpt_M1NyaYyXmelnnGJJ1ydighnp5oOz4xY', 'Premium', '29.99', NULL, 2147483647, 30, '2022-07-08 21:42:45', '2022-07-08 21:42:45'),
(45, '1657302399446765442', 101, 7, 'Through Meta', '0xf20ab86feaf71652b35ae712b0af2d5728dd797db5c199eae7c193f35d8dfad1', '0xE7e8Ee4b06D27E14195Fa316ef34F8c2fA993C80', NULL, NULL, 'Yearly', '199.00', NULL, 2147483647, 365, '2022-07-08 21:46:39', '2022-07-08 21:46:39'),
(46, '1657303758179383904', 102, 3, 'Through Stripe', NULL, NULL, 'ch_3LJLcBEE1bl5YY9C0DdbKj21', 'https://pay.stripe.com/receipts/acct_1LI9HwEE1bl5YY9C/ch_3LJLcBEE1bl5YY9C0DdbKj21/rcpt_M1OOvd4wf6KWfddgwHNZc38Pg0LoOAZ', 'Premium', '29.99', NULL, 2147483647, 30, '2022-07-08 22:09:20', '2022-07-08 22:09:20'),
(47, NULL, 104, 1, NULL, NULL, NULL, NULL, NULL, NULL, NULL, NULL, 1, 3, '2022-07-13 16:23:01', '2022-07-13 16:23:01'),
(48, NULL, 105, 1, NULL, NULL, NULL, NULL, NULL, NULL, NULL, NULL, 1, 3, '2022-07-13 23:30:52', '2022-07-13 23:30:52'),
(49, '1658170097633393948', 105, 2, 'Through Stripe', NULL, NULL, 'ch_3LMyzOEE1bl5YY9C1034dEOm', 'https://pay.stripe.com/receipts/acct_1LI9HwEE1bl5YY9C/ch_3LMyzOEE1bl5YY9C1034dEOm/rcpt_M59HuPum2xAzOxEe0bxzhgvdqIdDPPs', 'Deluxe', '19.99', NULL, 5, 30, '2022-07-18 22:48:19', '2022-07-18 22:48:19'),
(50, NULL, 106, 1, NULL, NULL, NULL, NULL, NULL, NULL, NULL, NULL, 1, 3, '2022-08-09 22:29:10', '2022-08-09 22:29:10'),
(51, NULL, 108, 1, NULL, NULL, NULL, NULL, NULL, NULL, NULL, NULL, 1, 3, '2022-08-11 19:36:11', '2022-08-11 19:36:11');

-- --------------------------------------------------------

--
-- Table structure for table `packages`
--

CREATE TABLE `packages` (
  `id` int(11) NOT NULL,
  `user_id` int(11) DEFAULT NULL,
  `title` varchar(255) DEFAULT NULL,
  `description` text,
  `price` int(11) NOT NULL,
  `activity` int(11) NOT NULL COMMENT 'favored scenery table',
  `activity_2` json DEFAULT NULL COMMENT 'main activity table',
  `from_date` date DEFAULT NULL,
  `end_date` date DEFAULT NULL,
  `is_taken` int(11) DEFAULT NULL COMMENT '0 = unavailable,\r\n1 = available',
  `country_id` int(11) DEFAULT NULL,
  `status` int(11) NOT NULL COMMENT '0 = active, 1 = inactive, 2 = deleted',
  `created_at` timestamp NULL DEFAULT CURRENT_TIMESTAMP,
  `updated_at` timestamp NULL DEFAULT CURRENT_TIMESTAMP
) ENGINE=InnoDB DEFAULT CHARSET=utf8mb4;

--
-- Dumping data for table `packages`
--

INSERT INTO `packages` (`id`, `user_id`, `title`, `description`, `price`, `activity`, `activity_2`, `from_date`, `end_date`, `is_taken`, `country_id`, `status`, `created_at`, `updated_at`) VALUES
(1, 1, 'Maxime laborum Ad d', 'Excepturi natus duis', 604, 2, '1', '2022-07-30', '2022-08-06', NULL, 233, 0, '2022-04-01 04:20:52', '2022-06-14 01:44:50'),
(2, 1, 'Natus temporibus inv', 'Quidem nostrum sunt', 153, 2, NULL, '2022-07-30', '2022-08-06', NULL, 233, 0, '2022-04-01 04:21:54', '2022-06-14 01:46:55'),
(3, 1, 'Ut iure commodo dese', 'Nulla dolores quia n', 53, 2, NULL, '2022-07-30', '2022-08-06', NULL, 233, 0, '2022-04-01 05:27:09', '2022-06-14 01:47:51'),
(4, 1, 'Consequatur et est', 'Debitis aliqua Erro', 297, 2, NULL, '2022-07-30', '2022-08-06', NULL, 233, 0, '2022-04-01 05:35:06', '2022-06-14 01:49:13'),
(5, 1, 'Nemo cumque deserunt', 'Sed omnis ipsum elig', 637, 2, NULL, '2022-07-30', '2022-08-06', NULL, 233, 0, '2022-04-01 05:35:49', '2022-06-14 01:50:53'),
(6, 1, 'dummy', 'dummy', 600, 2, NULL, '2022-07-30', '2022-08-06', NULL, 233, 1, '2022-04-04 23:41:15', '2022-06-14 01:51:45'),
(7, 1, 'Atque sunt odio sed', 'Tempor quis rerum di', 908, 2, NULL, '1973-09-10', '1972-06-09', NULL, 84, 2, '2022-04-05 00:50:38', '2022-04-05 00:51:25'),
(8, 1, 'Title', 'description', 900, 2, NULL, '2022-05-19', '2022-02-01', NULL, 4, 2, '2022-04-05 00:53:14', '2022-04-05 00:55:51'),
(9, 63, 'Laudantium minima q', 'Lorem Ipsum is simply dummy text of the printing and typesetting industry. Lorem Ipsum has been the industry\'s standard dummy text ever since the 1500s, when an unknown printer took a galley of type and scrambled it to make a type specimen book. It has survived not only five centuries, but also the leap into electronic typesetting, remaining essentially unchanged. It was popularised in the 1960s with the release of Letraset sheets containing Lorem Ipsum passages, and more recently with desktop publishing software like Aldus PageMaker including versions of Lorem Ipsum.', 353, 6, NULL, '2022-08-01', '2022-08-05', NULL, 75, 0, '2022-06-25 02:43:45', '2022-06-25 02:43:45'),
(10, 63, 'Et quia excepteur es', 'Lorem Ipsum is simply dummy text of the printing and typesetting industry. Lorem Ipsum has been the industry\'s standard dummy text ever since the 1500s, when an unknown printer took a galley of type and scrambled it to make a type specimen book. It has survived not only five centuries, but also the leap into electronic typesetting, remaining essentially unchanged. It was popularised in the 1960s with the release of Letraset sheets containing Lorem Ipsum passages, and more recently with desktop publishing software like Aldus PageMaker including versions of Lorem Ipsum.', 182, 7, NULL, '2022-08-01', '2022-08-05', NULL, 75, 0, '2022-06-25 02:44:23', '2022-06-25 02:44:23'),
(11, 63, 'Hic perspiciatis ma', 'Lorem Ipsum is simply dummy text of the printing and typesetting industry. Lorem Ipsum has been the industry\'s standard dummy text ever since the 1500s, when an unknown printer took a galley of type and scrambled it to make a type specimen book. It has survived not only five centuries, but also the leap into electronic typesetting, remaining essentially unchanged. It was popularised in the 1960s with the release of Letraset sheets containing Lorem Ipsum passages, and more recently with desktop publishing software like Aldus PageMaker including versions of Lorem Ipsum.', 983, 4, NULL, '2022-08-01', '2022-08-05', NULL, 75, 0, '2022-06-25 02:45:17', '2022-06-25 02:45:17'),
(12, 63, 'Reiciendis saepe eos', 'Lorem Ipsum is simply dummy text of the printing and typesetting industry. Lorem Ipsum has been the industry\'s standard dummy text ever since the 1500s, when an unknown printer took a galley of type and scrambled it to make a type specimen book. It has survived not only five centuries, but also the leap into electronic typesetting, remaining essentially unchanged. It was popularised in the 1960s with the release of Letraset sheets containing Lorem Ipsum passages, and more recently with desktop publishing software like Aldus PageMaker including versions of Lorem Ipsum.', 605, 11, NULL, '2022-08-01', '2022-08-05', NULL, 75, 0, '2022-06-25 02:45:56', '2022-06-25 02:45:56'),
(13, 64, 'Ad elit aut ea omni', 'Lorem Ipsum is simply dummy text of the printing and typesetting industry. Lorem Ipsum has been the industry\'s standard dummy text ever since the 1500s, when an unknown printer took a galley of type and scrambled it to make a type specimen book. It has survived not only five centuries, but also the leap into electronic typesetting, remaining essentially unchanged. It was popularised in the 1960s with the release of Letraset sheets containing Lorem Ipsum passages, and more recently with desktop publishing software like Aldus PageMaker including versions of Lorem Ipsum.', 311, 11, NULL, '2022-08-01', '2022-08-05', NULL, 205, 0, '2022-06-25 02:53:15', '2022-06-25 02:53:15'),
(14, 64, 'Ipsum sed sed sit el', 'Lorem Ipsum is simply dummy text of the printing and typesetting industry. Lorem Ipsum has been the industry\'s standard dummy text ever since the 1500s, when an unknown printer took a galley of type and scrambled it to make a type specimen book. It has survived not only five centuries, but also the leap into electronic typesetting, remaining essentially unchanged. It was popularised in the 1960s with the release of Letraset sheets containing Lorem Ipsum passages, and more recently with desktop publishing software like Aldus PageMaker including versions of Lorem Ipsum.', 34, 7, NULL, '2022-08-01', '2022-08-05', NULL, 205, 0, '2022-06-25 02:54:56', '2022-06-25 02:54:56'),
(15, 64, 'Irure consequat Vol', 'Lorem Ipsum is simply dummy text of the printing and typesetting industry. Lorem Ipsum has been the industry\'s standard dummy text ever since the 1500s, when an unknown printer took a galley of type and scrambled it to make a type specimen book. It has survived not only five centuries, but also the leap into electronic typesetting, remaining essentially unchanged. It was popularised in the 1960s with the release of Letraset sheets containing Lorem Ipsum passages, and more recently with desktop publishing software like Aldus PageMaker including versions of Lorem Ipsum.', 667, 3, NULL, '2022-08-01', '2022-08-05', NULL, 205, 0, '2022-06-25 02:55:34', '2022-06-25 02:55:34'),
(16, 64, 'Sit placeat accusa', 'Lorem Ipsum is simply dummy text of the printing and typesetting industry. Lorem Ipsum has been the industry\'s standard dummy text ever since the 1500s, when an unknown printer took a galley of type and scrambled it to make a type specimen book. It has survived not only five centuries, but also the leap into electronic typesetting, remaining essentially unchanged. It was popularised in the 1960s with the release of Letraset sheets containing Lorem Ipsum passages, and more recently with desktop publishing software like Aldus PageMaker including versions of Lorem Ipsum.', 519, 3, NULL, '2022-08-01', '2022-08-05', NULL, 205, 0, '2022-06-25 02:56:21', '2022-06-25 02:56:21'),
(17, 65, 'Autem nisi non ipsa', 'Lorem Ipsum is simply dummy text of the printing and typesetting industry. Lorem Ipsum has been the industry\'s standard dummy text ever since the 1500s, when an unknown printer took a galley of type and scrambled it to make a type specimen book. It has survived not only five centuries, but also the leap into electronic typesetting, remaining essentially unchanged. It was popularised in the 1960s with the release of Letraset sheets containing Lorem Ipsum passages, and more recently with desktop publishing software like Aldus PageMaker including versions of Lorem Ipsum.', 720, 12, NULL, '2022-08-01', '2022-08-05', NULL, 233, 0, '2022-06-25 03:13:01', '2022-06-25 03:13:01'),
(18, 65, 'In ipsum id aut in a', 'Lorem Ipsum is simply dummy text of the printing and typesetting industry. Lorem Ipsum has been the industry\'s standard dummy text ever since the 1500s, when an unknown printer took a galley of type and scrambled it to make a type specimen book. It has survived not only five centuries, but also the leap into electronic typesetting, remaining essentially unchanged. It was popularised in the 1960s with the release of Letraset sheets containing Lorem Ipsum passages, and more recently with desktop publishing software like Aldus PageMaker including versions of Lorem Ipsum.', 463, 2, NULL, '2022-08-01', '2022-08-05', NULL, 233, 0, '2022-06-25 03:13:35', '2022-06-25 03:13:35'),
(19, 65, 'Architecto cillum co', 'Lorem Ipsum is simply dummy text of the printing and typesetting industry. Lorem Ipsum has been the industry\'s standard dummy text ever since the 1500s, when an unknown printer took a galley of type and scrambled it to make a type specimen book. It has survived not only five centuries, but also the leap into electronic typesetting, remaining essentially unchanged. It was popularised in the 1960s with the release of Letraset sheets containing Lorem Ipsum passages, and more recently with desktop publishing software like Aldus PageMaker including versions of Lorem Ipsum.', 30, 12, NULL, '2022-08-01', '2022-08-05', NULL, 233, 0, '2022-06-25 03:14:14', '2022-06-25 03:14:14'),
(20, 65, 'Eu architecto exerci', 'Lorem Ipsum is simply dummy text of the printing and typesetting industry. Lorem Ipsum has been the industry\'s standard dummy text ever since the 1500s, when an unknown printer took a galley of type and scrambled it to make a type specimen book. It has survived not only five centuries, but also the leap into electronic typesetting, remaining essentially unchanged. It was popularised in the 1960s with the release of Letraset sheets containing Lorem Ipsum passages, and more recently with desktop publishing software like Aldus PageMaker including versions of Lorem Ipsum.', 739, 7, NULL, '2022-08-01', '2022-08-05', NULL, 233, 0, '2022-06-25 03:14:47', '2022-06-25 03:14:47'),
(21, 66, 'Id culpa labore eum', 'Lorem Ipsum is simply dummy text of the printing and typesetting industry. Lorem Ipsum has been the industry\'s standard dummy text ever since the 1500s, when an unknown printer took a galley of type and scrambled it to make a type specimen book. It has survived not only five centuries, but also the leap into electronic typesetting, remaining essentially unchanged. It was popularised in the 1960s with the release of Letraset sheets containing Lorem Ipsum passages, and more recently with desktop publishing software like Aldus PageMaker including versions of Lorem Ipsum.', 210, 7, NULL, '2022-08-01', '2022-08-05', NULL, 47, 0, '2022-06-25 04:37:23', '2022-06-25 04:37:23'),
(22, 67, 'Sapiente nostrum sin', 'Lorem Ipsum is simply dummy text of the printing and typesetting industry. Lorem Ipsum has been the industry\'s standard dummy text ever since the 1500s, when an unknown printer took a galley of type and scrambled it to make a type specimen book. It has survived not only five centuries, but also the leap into electronic typesetting, remaining essentially unchanged. It was popularised in the 1960s with the release of Letraset sheets containing Lorem Ipsum passages, and more recently with desktop publishing software like Aldus PageMaker including versions of Lorem Ipsum.', 826, 7, NULL, '2022-08-01', '2022-08-05', NULL, 83, 0, '2022-06-25 05:03:34', '2022-06-25 05:03:34'),
(23, 67, 'Deleniti vero illum', 'Lorem Ipsum is simply dummy text of the printing and typesetting industry. Lorem Ipsum has been the industry\'s standard dummy text ever since the 1500s, when an unknown printer took a galley of type and scrambled it to make a type specimen book. It has survived not only five centuries, but also the leap into electronic typesetting, remaining essentially unchanged. It was popularised in the 1960s with the release of Letraset sheets containing Lorem Ipsum passages, and more recently with desktop publishing software like Aldus PageMaker including versions of Lorem Ipsum.', 688, 3, NULL, '2022-08-01', '2022-08-05', NULL, 83, 0, '2022-06-25 05:04:08', '2022-06-25 05:04:08'),
(24, 67, 'Quaerat excepteur ar', 'Lorem Ipsum is simply dummy text of the printing and typesetting industry. Lorem Ipsum has been the industry\'s standard dummy text ever since the 1500s, when an unknown printer took a galley of type and scrambled it to make a type specimen book. It has survived not only five centuries, but also the leap into electronic typesetting, remaining essentially unchanged. It was popularised in the 1960s with the release of Letraset sheets containing Lorem Ipsum passages, and more recently with desktop publishing software like Aldus PageMaker including versions of Lorem Ipsum.', 669, 8, NULL, '2022-08-01', '2022-08-05', NULL, 39, 0, '2022-06-25 05:04:38', '2022-06-25 05:04:38'),
(25, 67, 'Exercitation delectu', 'Lorem Ipsum is simply dummy text of the printing and typesetting industry. Lorem Ipsum has been the industry\'s standard dummy text ever since the 1500s, when an unknown printer took a galley of type and scrambled it to make a type specimen book. It has survived not only five centuries, but also the leap into electronic typesetting, remaining essentially unchanged. It was popularised in the 1960s with the release of Letraset sheets containing Lorem Ipsum passages, and more recently with desktop publishing software like Aldus PageMaker including versions of Lorem Ipsum.', 568, 12, NULL, '2022-08-01', '2022-08-05', NULL, 83, 0, '2022-06-25 05:05:36', '2022-06-25 05:05:36'),
(26, 67, 'Accusantium eu volup', 'Lorem Ipsum is simply dummy text of the printing and typesetting industry. Lorem Ipsum has been the industry\'s standard dummy text ever since the 1500s, when an unknown printer took a galley of type and scrambled it to make a type specimen book. It has survived not only five centuries, but also the leap into electronic typesetting, remaining essentially unchanged. It was popularised in the 1960s with the release of Letraset sheets containing Lorem Ipsum passages, and more recently with desktop publishing software like Aldus PageMaker including versions of Lorem Ipsum.', 362, 3, NULL, '2022-08-01', '2022-08-05', NULL, 83, 0, '2022-06-25 05:06:19', '2022-06-25 05:06:19'),
(27, 69, 'Rerum dolor eiusmod', 'Lorem Ipsum is simply dummy text of the printing and typesetting industry. Lorem Ipsum has been the industry\'s standard dummy text ever since the 1500s, when an unknown printer took a galley of type and scrambled it to make a type specimen book. It has survived not only five centuries, but also the leap into electronic typesetting, remaining essentially unchanged. It was popularised in the 1960s with the release of Letraset sheets containing Lorem Ipsum passages, and more recently with desktop publishing software like Aldus PageMaker including versions of Lorem Ipsum.', 333, 7, NULL, '2022-08-01', '2022-08-05', NULL, 145, 0, '2022-06-27 22:25:33', '2022-06-27 22:25:33'),
(28, 69, 'Adipisci voluptate a', 'Lorem Ipsum is simply dummy text of the printing and typesetting industry. Lorem Ipsum has been the industry\'s standard dummy text ever since the 1500s, when an unknown printer took a galley of type and scrambled it to make a type specimen book. It has survived not only five centuries, but also the leap into electronic typesetting, remaining essentially unchanged. It was popularised in the 1960s with the release of Letraset sheets containing Lorem Ipsum passages, and more recently with desktop publishing software like Aldus PageMaker including versions of Lorem Ipsum.', 484, 9, NULL, '2022-08-01', '2022-08-05', NULL, 145, 0, '2022-06-27 22:26:17', '2022-06-27 22:26:17'),
(29, 69, 'Magni est nemo obca', 'Lorem Ipsum is simply dummy text of the printing and typesetting industry. Lorem Ipsum has been the industry\'s standard dummy text ever since the 1500s, when an unknown printer took a galley of type and scrambled it to make a type specimen book. It has survived not only five centuries, but also the leap into electronic typesetting, remaining essentially unchanged. It was popularised in the 1960s with the release of Letraset sheets containing Lorem Ipsum passages, and more recently with desktop publishing software like Aldus PageMaker including versions of Lorem Ipsum.', 517, 2, NULL, '2022-08-01', '2022-08-05', NULL, 145, 0, '2022-06-27 22:27:53', '2022-06-27 22:27:53'),
(30, 69, 'Et omnis culpa veri', 'Lorem Ipsum is simply dummy text of the printing and typesetting industry. Lorem Ipsum has been the industry\'s standard dummy text ever since the 1500s, when an unknown printer took a galley of type and scrambled it to make a type specimen book. It has survived not only five centuries, but also the leap into electronic typesetting, remaining essentially unchanged. It was popularised in the 1960s with the release of Letraset sheets containing Lorem Ipsum passages, and more recently with desktop publishing software like Aldus PageMaker including versions of Lorem Ipsum.', 629, 11, NULL, '2022-08-01', '2022-08-05', NULL, 145, 0, '2022-06-27 22:28:42', '2022-06-27 22:28:42'),
(31, 69, 'Voluptas esse harum', 'Lorem Ipsum is simply dummy text of the printing and typesetting industry. Lorem Ipsum has been the industry\'s standard dummy text ever since the 1500s, when an unknown printer took a galley of type and scrambled it to make a type specimen book. It has survived not only five centuries, but also the leap into electronic typesetting, remaining essentially unchanged. It was popularised in the 1960s with the release of Letraset sheets containing Lorem Ipsum passages, and more recently with desktop publishing software like Aldus PageMaker including versions of Lorem Ipsum.', 932, 10, NULL, '2022-08-01', '2022-08-05', NULL, 145, 0, '2022-06-27 22:29:33', '2022-06-27 22:29:33'),
(32, 70, 'Ut id sint et sunt u', 'Lorem Ipsum is simply dummy text of the printing and typesetting industry. Lorem Ipsum has been the industry\'s standard dummy text ever since the 1500s, when an unknown printer took a galley of type and scrambled it to make a type specimen book. It has survived not only five centuries, but also the leap into electronic typesetting, remaining essentially unchanged. It was popularised in the 1960s with the release of Letraset sheets containing Lorem Ipsum passages, and more recently with desktop publishing software like Aldus PageMaker including versions of Lorem Ipsum.', 851, 7, NULL, '2022-08-01', '2022-08-05', NULL, 219, 0, '2022-06-27 22:35:42', '2022-06-27 22:35:42'),
(33, 70, 'Ea eum officiis in a', 'Lorem Ipsum is simply dummy text of the printing and typesetting industry. Lorem Ipsum has been the industry\'s standard dummy text ever since the 1500s, when an unknown printer took a galley of type and scrambled it to make a type specimen book. It has survived not only five centuries, but also the leap into electronic typesetting, remaining essentially unchanged. It was popularised in the 1960s with the release of Letraset sheets containing Lorem Ipsum passages, and more recently with desktop publishing software like Aldus PageMaker including versions of Lorem Ipsum.', 985, 5, NULL, '2022-08-01', '2022-08-05', NULL, 219, 0, '2022-06-27 22:36:37', '2022-06-27 22:36:37'),
(34, 70, 'Eiusmod iure illum', 'Lorem Ipsum is simply dummy text of the printing and typesetting industry. Lorem Ipsum has been the industry\'s standard dummy text ever since the 1500s, when an unknown printer took a galley of type and scrambled it to make a type specimen book. It has survived not only five centuries, but also the leap into electronic typesetting, remaining essentially unchanged. It was popularised in the 1960s with the release of Letraset sheets containing Lorem Ipsum passages, and more recently with desktop publishing software like Aldus PageMaker including versions of Lorem Ipsum.', 532, 2, NULL, '2022-08-01', '2022-08-05', NULL, 219, 0, '2022-06-27 22:37:11', '2022-06-27 22:37:11'),
(35, 70, 'Laboris fuga Archit', 'Lorem Ipsum is simply dummy text of the printing and typesetting industry. Lorem Ipsum has been the industry\'s standard dummy text ever since the 1500s, when an unknown printer took a galley of type and scrambled it to make a type specimen book. It has survived not only five centuries, but also the leap into electronic typesetting, remaining essentially unchanged. It was popularised in the 1960s with the release of Letraset sheets containing Lorem Ipsum passages, and more recently with desktop publishing software like Aldus PageMaker including versions of Lorem Ipsum.', 505, 1, NULL, '2022-08-01', '2022-08-05', NULL, 219, 0, '2022-06-27 22:37:59', '2022-06-27 22:37:59'),
(36, 71, 'Qui ipsum accusanti', 'Lorem Ipsum is simply dummy text of the printing and typesetting industry. Lorem Ipsum has been the industry\'s standard dummy text ever since the 1500s, when an unknown printer took a galley of type and scrambled it to make a type specimen book. It has survived not only five centuries, but also the leap into electronic typesetting, remaining essentially unchanged. It was popularised in the 1960s with the release of Letraset sheets containing Lorem Ipsum passages, and more recently with desktop publishing software like Aldus PageMaker including versions of Lorem Ipsum.', 850, 11, NULL, '2022-08-01', '2022-08-05', NULL, 225, 0, '2022-06-27 22:51:17', '2022-06-27 22:51:17'),
(37, 71, 'Provident et volupt', 'Lorem Ipsum is simply dummy text of the printing and typesetting industry. Lorem Ipsum has been the industry\'s standard dummy text ever since the 1500s, when an unknown printer took a galley of type and scrambled it to make a type specimen book. It has survived not only five centuries, but also the leap into electronic typesetting, remaining essentially unchanged. It was popularised in the 1960s with the release of Letraset sheets containing Lorem Ipsum passages, and more recently with desktop publishing software like Aldus PageMaker including versions of Lorem Ipsum.', 429, 12, NULL, '2022-08-01', '2022-08-05', NULL, 225, 0, '2022-06-27 22:51:53', '2022-06-27 22:51:53'),
(38, 66, 'Ut ut possimus sit', 'Sit facilis aliqua', 897, 11, NULL, '2022-06-28', '2022-06-29', NULL, 17, 2, '2022-06-27 22:54:01', '2022-06-27 22:54:20'),
(39, 71, 'Cumque dolore porro', 'Lorem Ipsum is simply dummy text of the printing and typesetting industry. Lorem Ipsum has been the industry\'s standard dummy text ever since the 1500s, when an unknown printer took a galley of type and scrambled it to make a type specimen book. It has survived not only five centuries, but also the leap into electronic typesetting, remaining essentially unchanged. It was popularised in the 1960s with the release of Letraset sheets containing Lorem Ipsum passages, and more recently with desktop publishing software like Aldus PageMaker including versions of Lorem Ipsum.', 875, 12, NULL, '2022-08-01', '2022-08-05', NULL, 225, 0, '2022-06-27 22:55:58', '2022-06-27 22:55:58'),
(40, 71, 'Ullamco adipisci ut', 'Lorem Ipsum is simply dummy text of the printing and typesetting industry. Lorem Ipsum has been the industry\'s standard dummy text ever since the 1500s, when an unknown printer took a galley of type and scrambled it to make a type specimen book. It has survived not only five centuries, but also the leap into electronic typesetting, remaining essentially unchanged. It was popularised in the 1960s with the release of Letraset sheets containing Lorem Ipsum passages, and more recently with desktop publishing software like Aldus PageMaker including versions of Lorem Ipsum.', 958, 2, NULL, '2022-08-01', '2022-08-05', NULL, 225, 0, '2022-06-27 23:14:03', '2022-06-27 23:14:03'),
(41, 72, 'Repudiandae veritati', 'Lorem Ipsum is simply dummy text of the printing and typesetting industry. Lorem Ipsum has been the industry\'s standard dummy text ever since the 1500s, when an unknown printer took a galley of type and scrambled it to make a type specimen book. It has survived not only five centuries, but also the leap into electronic typesetting, remaining essentially unchanged. It was popularised in the 1960s with the release of Letraset sheets containing Lorem Ipsum passages, and more recently with desktop publishing software like Aldus PageMaker including versions of Lorem Ipsum.', 265, 5, NULL, '2022-08-01', '2022-08-05', NULL, 232, 0, '2022-06-27 23:32:08', '2022-06-27 23:32:08'),
(42, 72, 'Vel consequat Dolor', 'Lorem Ipsum is simply dummy text of the printing and typesetting industry. Lorem Ipsum has been the industry\'s standard dummy text ever since the 1500s, when an unknown printer took a galley of type and scrambled it to make a type specimen book. It has survived not only five centuries, but also the leap into electronic typesetting, remaining essentially unchanged. It was popularised in the 1960s with the release of Letraset sheets containing Lorem Ipsum passages, and more recently with desktop publishing software like Aldus PageMaker including versions of Lorem Ipsum.', 100, 12, NULL, '2022-08-01', '2022-08-05', NULL, 232, 0, '2022-06-27 23:32:44', '2022-06-27 23:32:44'),
(43, 72, 'Est id id deserunt', 'Lorem Ipsum is simply dummy text of the printing and typesetting industry. Lorem Ipsum has been the industry\'s standard dummy text ever since the 1500s, when an unknown printer took a galley of type and scrambled it to make a type specimen book. It has survived not only five centuries, but also the leap into electronic typesetting, remaining essentially unchanged. It was popularised in the 1960s with the release of Letraset sheets containing Lorem Ipsum passages, and more recently with desktop publishing software like Aldus PageMaker including versions of Lorem Ipsum.', 305, 11, NULL, '2022-08-01', '2022-08-05', NULL, 232, 0, '2022-06-27 23:33:38', '2022-06-27 23:33:38'),
(44, 66, 'Culpa laboris pariat', 'Lorem Ipsum is simply dummy text of the printing and typesetting industry. Lorem Ipsum has been the industry\'s standard dummy text ever since the 1500s, when an unknown printer took a galley of type and scrambled it to make a type specimen book. It has survived not only five centuries, but also the leap into electronic typesetting, remaining essentially unchanged. It was popularised in the 1960s with the release of Letraset sheets containing Lorem Ipsum passages, and more recently with desktop publishing software like Aldus PageMaker including versions of Lorem Ipsum.', 569, 7, NULL, '2022-08-01', '2022-08-05', NULL, 47, 0, '2022-06-27 23:36:27', '2022-06-27 23:36:27'),
(45, 66, 'Amet omnis recusand', 'Lorem Ipsum is simply dummy text of the printing and typesetting industry. Lorem Ipsum has been the industry\'s standard dummy text ever since the 1500s, when an unknown printer took a galley of type and scrambled it to make a type specimen book. It has survived not only five centuries, but also the leap into electronic typesetting, remaining essentially unchanged. It was popularised in the 1960s with the release of Letraset sheets containing Lorem Ipsum passages, and more recently with desktop publishing software like Aldus PageMaker including versions of Lorem Ipsum.', 538, 7, NULL, '2022-08-01', '2022-08-05', NULL, 47, 0, '2022-06-27 23:37:05', '2022-06-27 23:37:05'),
(46, 68, 'Nemo voluptas laudan', 'Lorem Ipsum is simply dummy text of the printing and typesetting industry. Lorem Ipsum has been the industry\'s standard dummy text ever since the 1500s, when an unknown printer took a galley of type and scrambled it to make a type specimen book. It has survived not only five centuries, but also the leap into electronic typesetting, remaining essentially unchanged. It was popularised in the 1960s with the release of Letraset sheets containing Lorem Ipsum passages, and more recently with desktop publishing software like Aldus PageMaker including versions of Lorem Ipsum.', 335, 6, NULL, '2022-08-01', '2022-08-05', NULL, 109, 0, '2022-06-27 23:43:20', '2022-06-27 23:43:20'),
(47, 68, 'Quos vitae at volupt', 'Lorem Ipsum is simply dummy text of the printing and typesetting industry. Lorem Ipsum has been the industry\'s standard dummy text ever since the 1500s, when an unknown printer took a galley of type and scrambled it to make a type specimen book. It has survived not only five centuries, but also the leap into electronic typesetting, remaining essentially unchanged. It was popularised in the 1960s with the release of Letraset sheets containing Lorem Ipsum passages, and more recently with desktop publishing software like Aldus PageMaker including versions of Lorem Ipsum.', 150, 11, NULL, '2022-08-01', '2022-08-05', NULL, 109, 0, '2022-06-27 23:43:52', '2022-06-27 23:43:52'),
(48, 68, 'Cillum fugiat nobis', 'Lorem Ipsum is simply dummy text of the printing and typesetting industry. Lorem Ipsum has been the industry\'s standard dummy text ever since the 1500s, when an unknown printer took a galley of type and scrambled it to make a type specimen book. It has survived not only five centuries, but also the leap into electronic typesetting, remaining essentially unchanged. It was popularised in the 1960s with the release of Letraset sheets containing Lorem Ipsum passages, and more recently with desktop publishing software like Aldus PageMaker including versions of Lorem Ipsum.', 628, 7, NULL, '2022-08-01', '2022-08-05', NULL, 109, 0, '2022-06-27 23:44:58', '2022-06-27 23:44:58'),
(49, 73, 'Molestiae iste asper', 'Fugiat voluptate nos', 217, 3, NULL, '2022-07-07', '2022-09-07', NULL, 75, 0, '2022-07-06 18:53:41', '2022-07-06 18:53:41'),
(50, 73, 'Non ipsa omnis ut d', 'Non sint reiciendis', 414, 9, NULL, '2022-07-07', '2022-09-07', NULL, 126, 0, '2022-07-06 18:53:59', '2022-07-06 18:53:59'),
(51, 73, 'Anim adipisicing con', 'Laborum Incidunt a', 178, 8, NULL, '2022-07-07', '2022-09-07', NULL, 19, 0, '2022-07-06 18:54:15', '2022-07-06 18:54:15'),
(52, 73, 'Velit veritatis volu', 'Blanditiis ex minima', 998, 7, NULL, '2022-07-07', '2022-09-07', NULL, 203, 0, '2022-07-06 18:54:28', '2022-07-06 18:54:28'),
(53, 73, 'Voluptas nisi dolore', 'Dolor repudiandae am', 536, 5, NULL, '2022-07-07', '2022-09-07', NULL, 138, 0, '2022-07-06 18:54:44', '2022-07-06 18:54:44'),
(54, 88, 'Optio id omnis id r', 'Nihil assumenda expl', 366, 11, NULL, '2022-07-07', '2022-09-07', NULL, 227, 0, '2022-07-06 19:03:42', '2022-07-06 19:03:42'),
(55, 88, 'Accusantium id recu', 'Dolor autem nihil su', 326, 3, NULL, '2022-07-07', '2022-09-07', NULL, 26, 0, '2022-07-06 19:04:04', '2022-07-06 19:07:17'),
(56, 88, 'Veniam deserunt est', 'Esse deserunt in per', 825, 1, NULL, '2022-07-07', '2022-09-07', NULL, 158, 0, '2022-07-06 19:07:47', '2022-07-06 19:07:47'),
(57, 88, 'Ducimus dolores exc', 'Laudantium esse ma', 169, 1, NULL, '2022-07-07', '2022-09-07', NULL, 205, 0, '2022-07-06 19:08:34', '2022-07-06 19:08:34'),
(58, 88, 'Eveniet dolore obca', 'Incidunt corporis q', 49, 7, NULL, '2022-07-07', '2022-09-07', NULL, 191, 1, '2022-07-06 19:08:47', '2022-07-06 22:30:51'),
(59, 88, 'Incidunt ipsum sapi', 'Voluptas voluptate v', 226, 9, NULL, '2022-07-07', '2022-09-07', NULL, 170, 1, '2022-07-06 19:09:07', '2022-07-06 19:09:07'),
(60, 102, 'Albani Package', 'I provide your this Place like Channa Gar ,Garden Palace View so many places.', 150, 6, NULL, '2022-07-30', '2022-10-30', NULL, 5, 0, '2022-07-08 22:15:34', '2022-07-14 18:26:08'),
(61, 101, 'Take it easy with beach vacation packages to South Carolina', 'In South Carolina, you\'ll find a variety of beach vacations available. Whether you\'re staying in a charming city or somewhere a bit more remote, you\'ll have no shortage of fun things to do throughout the area. Swimming, boating, and fishing are so popular that you\'ll hardly ever have to go far to find all the equipment you need.', 3900, 2, NULL, '2022-08-01', '2022-08-15', NULL, 233, 1, '2022-07-08 22:31:40', '2022-07-08 22:31:40'),
(62, 105, 'Blanditiis ex expedi', 'Et consequuntur aut', 994, 10, '[\"51\", \"36\", \"48\", \"52\", \"35\", \"34\", \"19\", \"38\", \"17\", \"39\", \"20\", \"24\", \"27\", \"22\", \"30\", \"16\", \"53\", \"23\", \"40\", \"49\", \"31\", \"28\", \"14\", \"47\", \"29\", \"45\", \"33\", \"37\", \"42\", \"50\", \"54\", \"41\", \"46\", \"18\", \"32\", \"25\", \"6\", \"3\", \"21\", \"5\", \"12\", \"11\", \"4\", \"8\", \"13\", \"10\", \"7\", \"9\", \"2\", \"15\", \"1\", \"44\", \"57\", \"56\", \"58\", \"43\", \"26\", \"55\"]', '2022-08-01', '2022-09-30', NULL, 223, 0, '2022-07-15 22:37:30', '2022-07-15 22:37:30');

-- --------------------------------------------------------

--
-- Table structure for table `package_requests`
--

CREATE TABLE `package_requests` (
  `id` int(11) NOT NULL,
  `username` varchar(255) NOT NULL,
  `email` varchar(255) NOT NULL,
  `user_id` int(11) DEFAULT NULL,
  `country_id` int(11) NOT NULL,
  `start_date` date NOT NULL,
  `end_date` date NOT NULL,
  `no_of_person` int(11) NOT NULL,
  `starting_point` varchar(255) NOT NULL,
  `destination` varchar(255) NOT NULL,
  `comment` varchar(255) NOT NULL,
  `status` int(11) NOT NULL DEFAULT '0',
  `updated_at` timestamp NOT NULL DEFAULT CURRENT_TIMESTAMP,
  `created_at` timestamp NOT NULL DEFAULT CURRENT_TIMESTAMP
) ENGINE=InnoDB DEFAULT CHARSET=utf8mb4;

--
-- Dumping data for table `package_requests`
--

INSERT INTO `package_requests` (`id`, `username`, `email`, `user_id`, `country_id`, `start_date`, `end_date`, `no_of_person`, `starting_point`, `destination`, `comment`, `status`, `updated_at`, `created_at`) VALUES
(8, 'test', 'Test@test.com', 1, 16, '2022-05-16', '2022-05-20', 5, 'Australia', 'Australia', 'testes', 0, '2022-05-12 22:49:46', '2022-05-12 22:49:46'),
(9, 'tocebe4857', 'tocebe4857@gmail.com', NULL, 232, '2022-08-01', '2022-08-31', 4, 'san diego', 'all cities', 'Please update me', 0, '2022-07-12 16:43:03', '2022-07-12 16:43:03'),
(10, 'hihyt', 'cirywe@mailinator.com', NULL, 5, '2022-07-13', '2022-07-14', 98, '01-Nov-1971', '31-Jan-1980', 'puricy@mailinator.com', 0, '2022-07-12 16:53:33', '2022-07-12 16:53:33'),
(11, 'Vacationer', 'vacationer@gmail.com', 3, 232, '2022-07-13', '2022-07-30', 4, 'san diego', 'city 1 , city2, city3', 'Please update me', 0, '2022-07-12 18:08:07', '2022-07-12 18:08:07');

-- --------------------------------------------------------

--
-- Table structure for table `personal_access_tokens`
--

CREATE TABLE `personal_access_tokens` (
  `id` int(11) NOT NULL,
  `tokenable_type` varchar(255) COLLATE utf8mb4_unicode_ci NOT NULL,
  `tokenable_id` bigint(20) UNSIGNED NOT NULL,
  `name` varchar(255) COLLATE utf8mb4_unicode_ci NOT NULL,
  `token` varchar(64) COLLATE utf8mb4_unicode_ci NOT NULL,
  `abilities` text COLLATE utf8mb4_unicode_ci,
  `last_used_at` timestamp NULL DEFAULT NULL,
  `created_at` timestamp NULL DEFAULT NULL,
  `updated_at` timestamp NULL DEFAULT NULL
) ENGINE=InnoDB DEFAULT CHARSET=utf8mb4 COLLATE=utf8mb4_unicode_ci;

--
-- Dumping data for table `personal_access_tokens`
--

INSERT INTO `personal_access_tokens` (`id`, `tokenable_type`, `tokenable_id`, `name`, `token`, `abilities`, `last_used_at`, `created_at`, `updated_at`) VALUES
(8, 'App\\Models\\User', 4, 'auth_token', 'fa152fff48c0a86d40ccb2a55ada0510a8e53afee9babb3fbbcb94aa59324b07', '[\"*\"]', NULL, '2022-06-15 23:31:59', '2022-06-15 23:31:59'),
(9, 'App\\Models\\User', 4, 'auth_token', 'd02fbbc97e16f1e1918f16f70892fe200b5d4b28c4e2444f81db736bb9660f72', '[\"*\"]', NULL, '2022-06-15 23:46:10', '2022-06-15 23:46:10'),
(10, 'App\\Models\\User', 4, 'auth_token', '2335a40e8ecc14db76f8c37d01bf268d8a6882d86725553ba3b3c50b62775f27', '[\"*\"]', NULL, '2022-06-15 23:46:25', '2022-06-15 23:46:25'),
(59, 'App\\Models\\User', 30, 'auth_token', '25c4dfd898e1f33164916a80c5cf9a5dc29585f00692e0b420c36481d7f188ef', '[\"*\"]', '2022-07-04 16:27:25', '2022-06-16 17:59:00', '2022-07-04 16:27:25'),
(80, 'App\\Models\\User', 27, 'auth_token', '82fd08d0df52217b28e0383aba64252926e9110abc8ed67e3b9407b9809da007', '[\"*\"]', '2022-06-17 11:45:32', '2022-06-17 11:45:22', '2022-06-17 11:45:32'),
(84, 'App\\Models\\User', 27, 'auth_token', '08751dd21e6c74d94092a37b75038efcee4483cd47bebdf16b4bae115da3d3ad', '[\"*\"]', '2022-06-20 16:02:31', '2022-06-17 14:57:28', '2022-06-20 16:02:31'),
(90, 'App\\Models\\User', 27, 'auth_token', 'd1dff37b88e3bc4c413d6eac2ba7a20f5e7dd89fa8dba0fbf420a28325c9ddff', '[\"*\"]', '2022-06-17 18:20:33', '2022-06-17 18:09:56', '2022-06-17 18:20:33'),
(91, 'App\\Models\\User', 27, 'auth_token', '362c1d452dff46ff4b37128c3b31c3e9dc9dcf1177db9380337dc07bfc0fb7c7', '[\"*\"]', '2022-06-23 14:13:41', '2022-06-17 21:47:37', '2022-06-23 14:13:41'),
(98, 'App\\Models\\User', 27, 'auth_token', 'bd28a63cdb6f0b4600c7d1bc4297cdacd4c76847335547fb2c1c65eedec7c20c', '[\"*\"]', NULL, '2022-06-20 19:10:16', '2022-06-20 19:10:16'),
(99, 'App\\Models\\User', 27, 'auth_token', 'b848e0e46ffbdd2767b5fb1a5aba00f53a9f65a53b62bbabf39e0fb22ee20b80', '[\"*\"]', '2022-06-20 19:19:48', '2022-06-20 19:11:28', '2022-06-20 19:19:48'),
(100, 'App\\Models\\User', 27, 'auth_token', '3d2c3c5ef84d643f960fb861d1e790f88a9f6a0aec47bfbc4205105b96e10458', '[\"*\"]', '2022-06-20 19:35:45', '2022-06-20 19:26:23', '2022-06-20 19:35:45'),
(101, 'App\\Models\\User', 27, 'auth_token', '9623e2757c1e3460b5718a9d9c6821f679824b48905bc112b4bacf5a1c2c298c', '[\"*\"]', '2022-06-23 17:41:40', '2022-06-21 20:07:14', '2022-06-23 17:41:40'),
(110, 'App\\Models\\User', 27, 'auth_token', '2a69aed0f6419ff9b5599ef30830a1c1b80e062f17d9c1915f1f728fd00b1a96', '[\"*\"]', '2022-06-23 19:09:20', '2022-06-23 15:21:33', '2022-06-23 19:09:20'),
(140, 'App\\Models\\User', 2, 'auth_token', 'c333dc09870d91a6358e621cc45f081293cff974c6df51b525d744430a0985ea', '[\"*\"]', '2022-07-05 16:28:46', '2022-07-04 17:23:09', '2022-07-05 16:28:46'),
(147, 'App\\Models\\User', 74, 'auth_token', '3607a87966dcac68c9611cc9e865912b3c988097bbe2e6f4e74de4925827be5d', '[\"*\"]', '2022-07-05 18:26:42', '2022-07-05 18:25:04', '2022-07-05 18:26:42'),
(149, 'App\\Models\\User', 73, 'auth_token', '3288ac41632303ca051ab7bca3fb2f125b35186d3a380300f6e48da6b72b690f', '[\"*\"]', NULL, '2022-07-05 22:36:43', '2022-07-05 22:36:43'),
(170, 'App\\Models\\User', 97, 'auth_token', 'a32c5af0a594ca2229159a3861a6591a8d63cd71f8e96cf85ba75236d2225d36', '[\"*\"]', NULL, '2022-07-08 17:45:53', '2022-07-08 17:45:53'),
(206, 'App\\Models\\User', 3, 'auth_token', 'af39e1a1b27d03ec637b0cb63aac1094d5c42bb5d6db53857be944a6682a0612', '[\"*\"]', NULL, '2022-07-12 21:21:53', '2022-07-12 21:21:53'),
(207, 'App\\Models\\User', 3, 'auth_token', 'e15535035b299c5067d62757fca23dc39df7f82d3736b9a6898e172a8d8e7c9b', '[\"*\"]', NULL, '2022-07-12 21:23:22', '2022-07-12 21:23:22'),
(208, 'App\\Models\\User', 3, 'auth_token', '13aa68af8396ed9cc7336d44e2bba2ae4b3583d77ac142554df0e008c1ae1e4b', '[\"*\"]', NULL, '2022-07-12 21:27:01', '2022-07-12 21:27:01'),
(209, 'App\\Models\\User', 103, 'auth_token', '2c88195e332ececb36efc7701769e9fe7d09e45001aeb2f22482c687b1c3ba83', '[\"*\"]', NULL, '2022-07-12 21:28:36', '2022-07-12 21:28:36'),
(210, 'App\\Models\\User', 103, 'auth_token', '10a4e88b2b9054fbaed8ac7329c8c34da830799c7fbbc35b002ff00791446dee', '[\"*\"]', '2022-07-12 21:31:35', '2022-07-12 21:30:25', '2022-07-12 21:31:35'),
(223, 'App\\Models\\User', 98, 'auth_token', 'cfad9cbbd5bf2284944bdb8b5d237f2e4e32d15cd373b2d79ef49705b3296946', '[\"*\"]', '2022-07-13 16:11:22', '2022-07-13 15:32:40', '2022-07-13 16:11:22'),
(225, 'App\\Models\\User', 98, 'auth_token', '4c6454895e1bfb084f19cf580528003ee43527ca127c91fde2a86d16f0bde050', '[\"*\"]', '2022-07-13 19:15:49', '2022-07-13 15:55:08', '2022-07-13 19:15:49'),
(229, 'App\\Models\\User', 98, 'auth_token', '9c3afb3409adc5d57e9847598aa8733486ccf211819e2c602b3923533f826adc', '[\"*\"]', '2022-07-13 19:14:42', '2022-07-13 18:07:05', '2022-07-13 19:14:42'),
(231, 'App\\Models\\User', 43, 'auth_token', 'e6bcf803555a9789ea9c4d92e75c1d9461fe1cc32c38a4122b7c8a357ece5232', '[\"*\"]', '2022-07-13 23:14:46', '2022-07-13 18:27:28', '2022-07-13 23:14:46'),
(232, 'App\\Models\\User', 98, 'auth_token', '6cc6f8127df2578daf0a60addcf7e72a5383710ba1e43af95510a256b3acc4f2', '[\"*\"]', '2022-07-13 19:15:00', '2022-07-13 19:00:10', '2022-07-13 19:15:00'),
(233, 'App\\Models\\User', 89, 'auth_token', '43670debbdfd9eec7edce4d5a0b6caee98d0ce4e4264386fc3d4ad21c9b6da68', '[\"*\"]', '2022-07-13 22:30:56', '2022-07-13 19:05:28', '2022-07-13 22:30:56'),
(234, 'App\\Models\\User', 44, 'auth_token', '527d3174ba0b20b104f7b6f839c620313d6511ba522ff5a82ab8a7df89205087', '[\"*\"]', '2022-07-13 21:07:19', '2022-07-13 20:17:35', '2022-07-13 21:07:19'),
(235, 'App\\Models\\User', 44, 'auth_token', '241a253821f286241b3e328990be1fc563e734e0fb664e4b3a48692ce450e741', '[\"*\"]', '2022-07-13 22:39:03', '2022-07-13 22:07:40', '2022-07-13 22:39:03'),
(236, 'App\\Models\\User', 43, 'auth_token', '351d1f61e35ee5f2364f6ce9ef5d7ea2b4f885e332fd29cd8b610c4996adbc5c', '[\"*\"]', NULL, '2022-07-14 16:09:24', '2022-07-14 16:09:24'),
(237, 'App\\Models\\User', 43, 'auth_token', '83873e90f27dafc9ec88c0e1acff8c5b6d3b6437fa3a05f9f9b5622aac53dbb7', '[\"*\"]', NULL, '2022-07-14 16:15:36', '2022-07-14 16:15:36'),
(238, 'App\\Models\\User', 43, 'auth_token', '80a71e68db4223ca4c4531bd5e9048f5a1704b4cf20fff4c2f1a6cbcf0b9f3d4', '[\"*\"]', NULL, '2022-07-14 16:18:45', '2022-07-14 16:18:45'),
(239, 'App\\Models\\User', 43, 'auth_token', 'a38eb3dfd9e664c27cdee46064f9c113b13f0aaa386a104ff2f4c74e87a07f28', '[\"*\"]', NULL, '2022-07-14 16:54:16', '2022-07-14 16:54:16'),
(240, 'App\\Models\\User', 43, 'auth_token', '0a8885e02627724363033756cb9bc1940f905bfc3281d42d54b0741f785c78e4', '[\"*\"]', NULL, '2022-07-14 16:59:22', '2022-07-14 16:59:22'),
(241, 'App\\Models\\User', 98, 'auth_token', '1485a07ad4d7686f4b494f4d973d6dc933f01f8fd107d5ee60c43f5eae665d23', '[\"*\"]', NULL, '2022-07-14 18:08:58', '2022-07-14 18:08:58'),
(242, 'App\\Models\\User', 98, 'auth_token', 'b6dda1074887793f3fe522075f2392c2aea5e43c6700a456f79926187bbb62a9', '[\"*\"]', NULL, '2022-07-14 18:09:23', '2022-07-14 18:09:23'),
(243, 'App\\Models\\User', 98, 'auth_token', '22a5fb550a33a80dc6beeb819a919a7af76343dc74a08dbc04e7178edfb83562', '[\"*\"]', NULL, '2022-07-14 18:11:08', '2022-07-14 18:11:08'),
(244, 'App\\Models\\User', 98, 'auth_token', 'f6e894bc1622f1f956562ce5dde2301b641ddb90bb251453503caa30e4ab485d', '[\"*\"]', NULL, '2022-07-14 18:11:52', '2022-07-14 18:11:52'),
(245, 'App\\Models\\User', 43, 'auth_token', '6c738c615640431e5aed22867f87e33f651fdbfa9d8ba944fb2b4fd1fed2cff8', '[\"*\"]', NULL, '2022-07-14 18:28:05', '2022-07-14 18:28:05'),
(246, 'App\\Models\\User', 3, 'auth_token', 'b1e20e108036924aff3ee474df940386aa07b4bea99b30861373a20902a9ac2f', '[\"*\"]', NULL, '2022-07-14 19:15:18', '2022-07-14 19:15:18'),
(247, 'App\\Models\\User', 89, 'auth_token', 'e6e86cfbfa94ad76fd5847c8de1c69c7e36adf2c1b1c872d29ad3ccf836c4495', '[\"*\"]', NULL, '2022-07-14 19:43:15', '2022-07-14 19:43:15'),
(248, 'App\\Models\\User', 89, 'auth_token', '5c05dd587fab0599d2ce4c6fe57344e13577199b155e3ee5bfd15d6ce3eb83d1', '[\"*\"]', NULL, '2022-07-14 19:56:02', '2022-07-14 19:56:02'),
(249, 'App\\Models\\User', 89, 'auth_token', 'f1cc1d930690bc0eb080dc6a9c79c9478ad10e199f95e37008fa044d79ecdd82', '[\"*\"]', NULL, '2022-07-14 20:03:13', '2022-07-14 20:03:13'),
(250, 'App\\Models\\User', 89, 'auth_token', '3d2ae14c299e50d7c37a67968561ad91b898252201e7263907d287fee1589cb3', '[\"*\"]', NULL, '2022-07-14 21:39:14', '2022-07-14 21:39:14'),
(251, 'App\\Models\\User', 102, 'auth_token', 'fb8332f2cbf212cd47d0f7f25058fb960c5eee0ef4e29ff919d935f54fddf1f9', '[\"*\"]', NULL, '2022-07-15 14:40:12', '2022-07-15 14:40:12'),
(252, 'App\\Models\\User', 44, 'auth_token', 'b4ade2059532520e3772965d041383ba30dcddee9e0d2db36d11fbbb13c9a1e3', '[\"*\"]', NULL, '2022-07-15 14:42:11', '2022-07-15 14:42:11'),
(253, 'App\\Models\\User', 89, 'auth_token', '132007d13e6b4debdbfd5d0efc3a0470d0d22eb821ab53708891eb5b9f685b48', '[\"*\"]', NULL, '2022-07-15 14:44:18', '2022-07-15 14:44:18'),
(254, 'App\\Models\\User', 43, 'auth_token', 'c18463d23ea21c4e572719da9638fb0cf9a1614c0fe79c302f1c9ab80e25b891', '[\"*\"]', NULL, '2022-07-15 17:52:43', '2022-07-15 17:52:43'),
(255, 'App\\Models\\User', 43, 'auth_token', '064a97ee6468ee314868a117812022c863526870ce49be5c6c465ac66336de4a', '[\"*\"]', NULL, '2022-07-15 17:53:57', '2022-07-15 17:53:57'),
(256, 'App\\Models\\User', 102, 'auth_token', '5a9617d60bd9f275a2266eb8f0b808ea4bf5e8450a62d85331795da0e0216361', '[\"*\"]', NULL, '2022-07-15 17:55:11', '2022-07-15 17:55:11'),
(257, 'App\\Models\\User', 43, 'auth_token', 'f58ca8e963904473b4aef66901f519e65d00511a8a5d445c6fe361fde1292c0d', '[\"*\"]', NULL, '2022-07-15 18:15:50', '2022-07-15 18:15:50'),
(258, 'App\\Models\\User', 43, 'auth_token', 'afc7c599f77eb97d969d61bfedc552750e6265697e472b0714dc03c8cdcf11eb', '[\"*\"]', NULL, '2022-07-15 18:16:48', '2022-07-15 18:16:48'),
(259, 'App\\Models\\User', 44, 'auth_token', 'c98b9dcf69c67f18d2a6f5bf6c17799e439e5525404bfd6e61b8393a8ba949a8', '[\"*\"]', NULL, '2022-07-18 18:21:32', '2022-07-18 18:21:32'),
(260, 'App\\Models\\User', 43, 'auth_token', 'c1d9a8e2b9c6e41789c349a9d874c3820bbb03cbe911b79a8d33148dd1477105', '[\"*\"]', NULL, '2022-07-18 19:07:38', '2022-07-18 19:07:38'),
(261, 'App\\Models\\User', 43, 'auth_token', '1c517bb937dfbf79e54db041392520edf7ec8af5d4de3f8cd4670dbb1df407b1', '[\"*\"]', NULL, '2022-07-18 19:17:56', '2022-07-18 19:17:56'),
(262, 'App\\Models\\User', 43, 'auth_token', 'c50341819bb5de5d683a18c288cc0f62b6339554cb5083c6422d0608ed7d8b11', '[\"*\"]', NULL, '2022-07-18 19:35:54', '2022-07-18 19:35:54'),
(263, 'App\\Models\\User', 43, 'auth_token', '9386267a92f66e471a70df669cea6d6faaa150d70275300bbf341b07131b372b', '[\"*\"]', NULL, '2022-07-19 17:21:31', '2022-07-19 17:21:31'),
(264, 'App\\Models\\User', 43, 'auth_token', '563eef62dca57dacd9b559b65cca9c43384c1fe992b2a3b58aae8f604f174700', '[\"*\"]', NULL, '2022-07-19 17:54:38', '2022-07-19 17:54:38'),
(265, 'App\\Models\\User', 43, 'auth_token', '0062a81a2ce412890264ba22b3963ab2dd94e7425999b6a20f0588d6cca51a24', '[\"*\"]', NULL, '2022-07-19 18:55:03', '2022-07-19 18:55:03'),
(266, 'App\\Models\\User', 43, 'auth_token', 'c5741bf5db812012fdd30fc70dc99e4e65cfcb5a8616400d518f2cb3257bec66', '[\"*\"]', NULL, '2022-07-19 19:04:00', '2022-07-19 19:04:00'),
(267, 'App\\Models\\User', 43, 'auth_token', '2ec28815a488bde8e7eef4ff8691fb67e5d9ff2a4e500bf5ee1d4d5bddd3eafb', '[\"*\"]', NULL, '2022-07-19 19:15:12', '2022-07-19 19:15:12'),
(268, 'App\\Models\\User', 102, 'auth_token', '92543992752b9ce6e9f7e3aee338ca24c9c9b57552608c9d0c08fcd6bd85c058', '[\"*\"]', NULL, '2022-07-20 17:29:39', '2022-07-20 17:29:39'),
(269, 'App\\Models\\User', 102, 'auth_token', 'a8b65b68ecde61584fb2f088d452f69057c01c2a38039e2792992a41d6824ed7', '[\"*\"]', NULL, '2022-07-20 17:36:22', '2022-07-20 17:36:22'),
(270, 'App\\Models\\User', 43, 'auth_token', '8236ae007259e0392a07028e8b5e27bed13217d45de63c32110cf83f284be85b', '[\"*\"]', NULL, '2022-07-20 17:37:11', '2022-07-20 17:37:11'),
(271, 'App\\Models\\User', 102, 'auth_token', '763345a2bf1e7c2bf8342214c8718a33b0f3867321c9d848bf209615f9b9f925', '[\"*\"]', NULL, '2022-07-20 17:39:05', '2022-07-20 17:39:05'),
(272, 'App\\Models\\User', 44, 'auth_token', 'c6b12b3c8f2d58011809c179abd4ea891faa9bd5440b794727e718baa6c6bb74', '[\"*\"]', NULL, '2022-07-20 19:33:00', '2022-07-20 19:33:00'),
(273, 'App\\Models\\User', 44, 'auth_token', 'c8b50477ec3a468a520d233b6fdebc3b66467d2e1fa4b1b49847b7f23aa6f257', '[\"*\"]', NULL, '2022-07-20 20:45:37', '2022-07-20 20:45:37'),
(274, 'App\\Models\\User', 102, 'auth_token', 'a369fed3f9aa370a79fb18db7eeb01ec5c2b68adc9c28e25f11aad75aab60284', '[\"*\"]', NULL, '2022-07-21 16:36:42', '2022-07-21 16:36:42'),
(275, 'App\\Models\\User', 98, 'auth_token', '4f71eaeadde64e6baa2c92e0d1095c852720b188627563026bd90ce774532e8d', '[\"*\"]', NULL, '2022-07-21 18:07:39', '2022-07-21 18:07:39'),
(276, 'App\\Models\\User', 102, 'auth_token', '386bbf628df22ee58ec27faeb14b2b316c4c808dfa9343eb2aed34d768d4178f', '[\"*\"]', NULL, '2022-07-21 18:08:33', '2022-07-21 18:08:33'),
(277, 'App\\Models\\User', 102, 'auth_token', '9f6a2c2ba74d41271e81c8277d7b05d85d058f0d55e2bbb86f70a2705fcb7461', '[\"*\"]', NULL, '2022-07-21 18:08:56', '2022-07-21 18:08:56'),
(278, 'App\\Models\\User', 102, 'auth_token', 'c78c3114d522d9754cfcb1a62c51ab234b376667e2e6ecaad7ef577d8344c6f4', '[\"*\"]', NULL, '2022-07-21 18:16:39', '2022-07-21 18:16:39'),
(279, 'App\\Models\\User', 102, 'auth_token', 'b8c7298e32e086c5b8a44bbfb825c67fdd65b706e49098fa9ad77d206dfcb2e5', '[\"*\"]', NULL, '2022-07-21 18:17:16', '2022-07-21 18:17:16'),
(280, 'App\\Models\\User', 102, 'auth_token', 'c9ad18288a8b3650fdc02c7503c4cc1d1e842de23f84fe89e4264606e47a72ef', '[\"*\"]', NULL, '2022-07-21 19:00:36', '2022-07-21 19:00:36'),
(281, 'App\\Models\\User', 102, 'auth_token', '81271507b0bdb8eeeeb22b7581e801d005af98651e4ea03961e128541cd226ff', '[\"*\"]', NULL, '2022-07-21 19:00:38', '2022-07-21 19:00:38'),
(282, 'App\\Models\\User', 102, 'auth_token', '442c2510d30aca25cbdefc9d8361d70352dc675e0b96dc41cef8b5a1cc1b8576', '[\"*\"]', NULL, '2022-07-21 19:03:41', '2022-07-21 19:03:41'),
(283, 'App\\Models\\User', 102, 'auth_token', '57a173d6c7060bd7fdbdc660d96c1a72b5fa93a984659581d39b4576c23ea072', '[\"*\"]', NULL, '2022-07-21 19:04:45', '2022-07-21 19:04:45'),
(284, 'App\\Models\\User', 102, 'auth_token', 'c11c57b255b43b70e0cf02a8bbbe5300cfaf7a0ce92a7424fe40891a466e3111', '[\"*\"]', NULL, '2022-07-21 19:10:05', '2022-07-21 19:10:05'),
(285, 'App\\Models\\User', 44, 'auth_token', '57ed7e41a92a309de0ae692629f3b10771a54ba547338578a912560af3d06829', '[\"*\"]', NULL, '2022-07-22 18:07:27', '2022-07-22 18:07:27'),
(286, 'App\\Models\\User', 102, 'auth_token', '8b6383e23ea2c2fa35bb3027f8382e1249aa769886b2a8c636df15d2d34e9e4f', '[\"*\"]', NULL, '2022-07-22 18:26:33', '2022-07-22 18:26:33'),
(287, 'App\\Models\\User', 44, 'auth_token', '751aff1b0659c758cebad2ee7e9db48830e644750e21fd69c6d638c378ba29c4', '[\"*\"]', NULL, '2022-07-25 15:13:42', '2022-07-25 15:13:42'),
(288, 'App\\Models\\User', 89, 'auth_token', 'ee8904bfb3bdb83db55e5427f4e3569550fcce768eaed60b126b87193cc89b4c', '[\"*\"]', NULL, '2022-07-25 16:06:53', '2022-07-25 16:06:53'),
(289, 'App\\Models\\User', 89, 'auth_token', '5454d005f0d98a09563394c3b6334fd62c1506f67cf35e92fa755bea765027c3', '[\"*\"]', NULL, '2022-07-25 16:13:48', '2022-07-25 16:13:48'),
(290, 'App\\Models\\User', 102, 'auth_token', '49349cfdcb53c46f7f12233fd5467ba01e7136d573767e6e7ac681c4a9dca50b', '[\"*\"]', NULL, '2022-07-25 18:36:27', '2022-07-25 18:36:27'),
(291, 'App\\Models\\User', 102, 'auth_token', 'bcf766ff876c8642f7b0bfd85e67430586dc0bac49883eab1820d3767df886c1', '[\"*\"]', NULL, '2022-07-25 18:59:51', '2022-07-25 18:59:51'),
(292, 'App\\Models\\User', 44, 'auth_token', 'f34119c5432136dc1c2ba5d914bcac7ef17e22c0c8af24df74c6f8247e5d4b4d', '[\"*\"]', NULL, '2022-07-25 19:04:00', '2022-07-25 19:04:00'),
(293, 'App\\Models\\User', 102, 'auth_token', 'efcca3b37201e7938a2debd36713dec8abc92c7fb8238f9f184ad84f5df21294', '[\"*\"]', NULL, '2022-07-25 19:04:12', '2022-07-25 19:04:12'),
(294, 'App\\Models\\User', 102, 'auth_token', '7b948328d3b31dd8557abcd12eaaf3dbb0889b883822e86271cb49c1939aa0aa', '[\"*\"]', NULL, '2022-07-25 20:41:03', '2022-07-25 20:41:03'),
(295, 'App\\Models\\User', 102, 'auth_token', 'de33628fadc1af1ee257059ddfb9511b6129295b2f493b1820df0704d6dfa1d5', '[\"*\"]', NULL, '2022-07-25 20:41:29', '2022-07-25 20:41:29'),
(296, 'App\\Models\\User', 102, 'auth_token', '6800b58d401a142e388b1d0085ceaa6837ef88a9c3ec5c7e42dc8affc8ff4b99', '[\"*\"]', NULL, '2022-07-25 20:43:48', '2022-07-25 20:43:48'),
(297, 'App\\Models\\User', 43, 'auth_token', 'd470692e02840ef7bc4d9c8b6dae314c8ab8487b72decd93982a6098e1d5c1dc', '[\"*\"]', NULL, '2022-07-26 16:14:28', '2022-07-26 16:14:28'),
(298, 'App\\Models\\User', 102, 'auth_token', '31f835772c49547467cae4964975d434f2043883b1b6b593f8e9a5d6f845d083', '[\"*\"]', NULL, '2022-07-26 16:15:33', '2022-07-26 16:15:33'),
(299, 'App\\Models\\User', 102, 'auth_token', '922cf1e143d90b7c51618bef2e0261c6eb4db69ca6e3dd0191cc62973c06ed07', '[\"*\"]', NULL, '2022-07-26 16:23:46', '2022-07-26 16:23:46'),
(300, 'App\\Models\\User', 43, 'auth_token', 'ea1523f76d1d6dcab379504ec93735fcd9f8a0975231c512245bf297d0a14701', '[\"*\"]', NULL, '2022-07-26 16:28:04', '2022-07-26 16:28:04'),
(301, 'App\\Models\\User', 102, 'auth_token', '12488683149092a2666bf3d77032e848e03e2050d82dc0a4f7ca8e78d4020a6d', '[\"*\"]', NULL, '2022-07-26 16:42:28', '2022-07-26 16:42:28'),
(302, 'App\\Models\\User', 102, 'auth_token', 'a0fd7287b649c243f8d802c99f6946ac447d9567447c98f8232078ae004397af', '[\"*\"]', NULL, '2022-07-26 16:46:07', '2022-07-26 16:46:07'),
(303, 'App\\Models\\User', 43, 'auth_token', '099b31c113a1300885b57c6c924daf904f4414f145dcb572d9192a2f5c44487e', '[\"*\"]', NULL, '2022-07-26 17:48:20', '2022-07-26 17:48:20'),
(304, 'App\\Models\\User', 44, 'auth_token', '972c53ae3b45f5ff6d2bb32af127c9a15902b3ed876ebc27e416a57a087cfd60', '[\"*\"]', NULL, '2022-07-26 20:58:59', '2022-07-26 20:58:59'),
(305, 'App\\Models\\User', 44, 'auth_token', '44a2afd329c01cc201768efb6d49960a8aa2b0261cee3ee66059f6afb3c66335', '[\"*\"]', NULL, '2022-07-27 16:04:09', '2022-07-27 16:04:09'),
(306, 'App\\Models\\User', 106, 'auth_token', 'fe8211b8078c89261e5c787b184f956ec635c447931277b57969c8018cf303e8', '[\"*\"]', NULL, '2022-07-27 16:25:43', '2022-07-27 16:25:43'),
(307, 'App\\Models\\User', 44, 'auth_token', '95e9fbb403b4baffb57f3e5fce2cc07b210a2fb9dd39ea6569f4644e0040a74f', '[\"*\"]', NULL, '2022-07-28 14:50:14', '2022-07-28 14:50:14'),
(308, 'App\\Models\\User', 106, 'auth_token', '6e5d77e7357b45a4d0abadf587a708895ee84ca83c574f071b61d95c9335224f', '[\"*\"]', NULL, '2022-07-28 14:51:25', '2022-07-28 14:51:25'),
(309, 'App\\Models\\User', 44, 'auth_token', '3d6ce8e7404e29916df623e55224810a281deb4755f3990da78c757f5378a668', '[\"*\"]', NULL, '2022-07-28 17:18:37', '2022-07-28 17:18:37'),
(310, 'App\\Models\\User', 102, 'auth_token', 'd1909c0c36aa4f85eb56999e9b83557d79ae1639ec03c66d69511c31b48fce18', '[\"*\"]', NULL, '2022-07-29 17:45:02', '2022-07-29 17:45:02'),
(311, 'App\\Models\\User', 102, 'auth_token', 'f2f6c6b0fe966e73bb41e22b1413ab3ee280c97b82a6fbaa6e7f180ff62f4c7c', '[\"*\"]', NULL, '2022-07-29 19:14:01', '2022-07-29 19:14:01'),
(312, 'App\\Models\\User', 43, 'auth_token', 'f0209654b68b25a5cab9429a9ad1fa687764f511f710f31fe6e996d63e1e091a', '[\"*\"]', NULL, '2022-07-29 20:38:53', '2022-07-29 20:38:53'),
(313, 'App\\Models\\User', 102, 'auth_token', '9d216580c220dacf075591ae2e5d9740075741beb4d3df3fedbed24da12591be', '[\"*\"]', NULL, '2022-08-01 19:14:14', '2022-08-01 19:14:14'),
(314, 'App\\Models\\User', 44, 'auth_token', '944c1960f107bbfa2fe100303d92861239e28a327f8aee55545599da3e65b84d', '[\"*\"]', NULL, '2022-08-01 20:51:29', '2022-08-01 20:51:29'),
(315, 'App\\Models\\User', 44, 'auth_token', '9b23475250a50c1bdadb7c3a8633f57cb980bfb8f32a09965b0afb25ff259a62', '[\"*\"]', NULL, '2022-08-01 21:34:29', '2022-08-01 21:34:29'),
(316, 'App\\Models\\User', 102, 'auth_token', '1356795a46293601559d32f2ed8478899dabd116488dc9ad0356f4da378b28b4', '[\"*\"]', NULL, '2022-08-01 21:36:52', '2022-08-01 21:36:52'),
(317, 'App\\Models\\User', 44, 'auth_token', '89a5962d707b3d0e979c0a49a2bd4c4a5030abadf0e7ce37364cfdd41bf8f497', '[\"*\"]', NULL, '2022-08-01 21:40:57', '2022-08-01 21:40:57'),
(318, 'App\\Models\\User', 102, 'auth_token', '52ded07228b7928387e1b8757ab8818ff5f0bea56a718808698b8d1a9363c77e', '[\"*\"]', NULL, '2022-08-02 22:59:06', '2022-08-02 22:59:06'),
(319, 'App\\Models\\User', 106, 'auth_token', '1bf1f969fc3e69bf5deb896257425c446f6b53e613bd3b7ca21c5ebf4875ad9e', '[\"*\"]', NULL, '2022-08-06 13:50:24', '2022-08-06 13:50:24'),
(320, 'App\\Models\\User', 106, 'auth_token', '9376b2f33e10ac63bd79471bdad25c19ea2525c1bf2c01feb64ebe0a84900260', '[\"*\"]', NULL, '2022-08-08 13:48:10', '2022-08-08 13:48:10'),
(321, 'App\\Models\\User', 106, 'auth_token', 'fdf6798480806e1d113b06cb8df00b7ccc8021de9b7d74b225545266d16af196', '[\"*\"]', NULL, '2022-08-09 12:37:06', '2022-08-09 12:37:06'),
(322, 'App\\Models\\User', 106, 'auth_token', 'a57dce44ef9d86955ff38a02116f9e9889d7f10e9f6e7993e3efda24ac8ba258', '[\"*\"]', NULL, '2022-08-10 14:44:52', '2022-08-10 14:44:52'),
(323, 'App\\Models\\User', 106, 'auth_token', 'e14225506d1146c5031191e0c9b3f3c30a3cd3a72b9db848166137e115bb54e8', '[\"*\"]', NULL, '2022-08-10 15:39:42', '2022-08-10 15:39:42'),
(324, 'App\\Models\\User', 106, 'auth_token', 'fd88c66d3ca431164048fc3304c1120591852bd8b0af08766f099fe24be1c872', '[\"*\"]', NULL, '2022-08-10 15:49:02', '2022-08-10 15:49:02'),
(325, 'App\\Models\\User', 44, 'auth_token', '9aac061947870b87270799b61624604bd8ab5a80e2c1acb893cc24e36d9b6fe4', '[\"*\"]', NULL, '2022-08-10 16:00:49', '2022-08-10 16:00:49'),
(326, 'App\\Models\\User', 44, 'auth_token', 'bf30ad600ff66427baceffdfe3b6e97cb5ab455fd8a9445d1a5dec4b59ea83f0', '[\"*\"]', NULL, '2022-08-11 18:46:21', '2022-08-11 18:46:21');

-- --------------------------------------------------------

--
-- Table structure for table `profiles`
--

CREATE TABLE `profiles` (
  `id` int(11) NOT NULL,
  `user_id` int(11) DEFAULT NULL,
  `full_name` varchar(255) DEFAULT NULL,
  `phone` varchar(255) DEFAULT NULL,
  `address` text,
  `zip_code` varchar(255) DEFAULT NULL,
  `country_id` int(11) DEFAULT NULL,
  `country` varchar(255) DEFAULT NULL,
  `account_title` varchar(255) DEFAULT NULL,
  `account_number` varchar(255) DEFAULT NULL,
  `created_at` timestamp NULL DEFAULT CURRENT_TIMESTAMP,
  `updated_at` timestamp NULL DEFAULT CURRENT_TIMESTAMP
) ENGINE=InnoDB DEFAULT CHARSET=utf8mb4;

--
-- Dumping data for table `profiles`
--

INSERT INTO `profiles` (`id`, `user_id`, `full_name`, `phone`, `address`, `zip_code`, `country_id`, `country`, `account_title`, `account_number`, `created_at`, `updated_at`) VALUES
(1, 1, 'Guider', '111222333', 'abc street', 'zip123', 233, 'United States', NULL, NULL, '2022-04-01 03:50:01', '2022-04-01 03:50:01'),
(2, 2, 'b', NULL, NULL, NULL, 233, NULL, NULL, NULL, '2022-04-01 04:24:49', '2022-04-01 04:24:49'),
(3, 3, 'jh', NULL, NULL, NULL, 233, NULL, NULL, NULL, '2022-04-01 05:03:03', '2022-04-01 05:03:03'),
(13, 28, 'Mack', NULL, NULL, NULL, 7, NULL, NULL, NULL, '2022-06-15 19:01:37', '2022-06-15 19:01:37'),
(14, 29, 'guider2', '6513651614', NULL, NULL, 18, NULL, NULL, NULL, '2022-06-15 23:12:44', '2022-06-15 23:12:44'),
(15, 30, 'martix', NULL, NULL, NULL, 233, NULL, NULL, NULL, '2022-06-16 15:41:23', '2022-06-16 15:41:23'),
(16, 31, 'Mack', NULL, NULL, NULL, 233, NULL, NULL, NULL, '2022-06-16 15:42:30', '2022-06-16 15:42:30'),
(17, 32, 'Mack', NULL, NULL, NULL, 233, NULL, NULL, NULL, '2022-06-16 16:44:43', '2022-06-16 16:44:43'),
(18, 33, 'Mack', NULL, NULL, NULL, 7, NULL, NULL, NULL, '2022-06-16 17:06:02', '2022-06-16 17:06:02'),
(23, 38, 'martix', NULL, NULL, NULL, 233, NULL, NULL, NULL, '2022-06-16 18:19:10', '2022-06-16 18:19:10'),
(24, 39, 'Mack', NULL, NULL, NULL, 233, NULL, NULL, NULL, '2022-06-16 18:22:18', '2022-06-16 18:22:18'),
(25, 40, 'kiv', NULL, NULL, NULL, 233, NULL, NULL, NULL, '2022-06-16 19:17:49', '2022-06-16 19:17:49'),
(26, 41, 'kiv2', NULL, NULL, NULL, 233, NULL, NULL, NULL, '2022-06-16 19:23:19', '2022-06-16 19:23:19'),
(27, 42, 'kiv3', NULL, NULL, NULL, 233, NULL, NULL, NULL, '2022-06-16 19:24:34', '2022-06-16 19:24:34'),
(28, 43, 'bilal', '111122223333', 'abc street', 'zip code2123', 233, 'United State', NULL, NULL, '2022-06-16 20:05:02', '2022-06-16 20:05:02'),
(29, 44, 'saimoon', NULL, NULL, NULL, 233, NULL, NULL, NULL, '2022-06-16 20:05:19', '2022-06-16 20:05:19'),
(30, 45, 'Wetyuior', NULL, NULL, NULL, 12, NULL, NULL, NULL, '2022-06-17 13:27:02', '2022-06-17 13:27:02'),
(31, 46, 'Wetyuior', NULL, NULL, NULL, 12, NULL, NULL, NULL, '2022-06-17 13:30:46', '2022-06-17 13:30:46'),
(32, 47, 'Wetyuior', NULL, NULL, NULL, 12, NULL, NULL, NULL, '2022-06-17 13:31:17', '2022-06-17 13:31:17'),
(33, 48, 'Mack', NULL, NULL, NULL, 233, NULL, NULL, NULL, '2022-06-17 13:31:48', '2022-06-17 13:31:48'),
(34, 49, 'Wetyuior', NULL, NULL, NULL, 12, NULL, NULL, NULL, '2022-06-17 13:33:26', '2022-06-17 13:33:26'),
(35, 50, 'Mack', NULL, NULL, NULL, 233, NULL, NULL, NULL, '2022-06-17 14:44:02', '2022-06-17 14:44:02'),
(37, 52, 'saimoon', NULL, NULL, NULL, 233, NULL, NULL, NULL, '2022-06-17 14:44:58', '2022-06-17 14:44:58'),
(38, 53, 'Wertyuikjhgfd', NULL, NULL, NULL, 9, NULL, NULL, NULL, '2022-06-17 15:00:59', '2022-06-17 15:00:59'),
(39, 54, 'Mack', NULL, NULL, NULL, 233, NULL, NULL, NULL, '2022-06-17 15:02:12', '2022-06-17 15:02:12'),
(40, 55, 'Mack', NULL, NULL, NULL, 233, NULL, NULL, NULL, '2022-06-17 15:03:54', '2022-06-17 15:03:54'),
(41, 56, 'Wertyuikjhgfd', NULL, NULL, NULL, 11, NULL, NULL, NULL, '2022-06-17 15:05:34', '2022-06-17 15:05:34'),
(42, 57, 'doneranyzi', '4544454545454545', NULL, NULL, 213, NULL, NULL, NULL, '2022-06-20 22:50:31', '2022-06-20 22:50:31'),
(45, 60, 'Mack', NULL, NULL, NULL, 233, NULL, NULL, NULL, '2022-06-23 15:27:23', '2022-06-23 15:27:23'),
(46, 61, 'Mack', NULL, NULL, NULL, 233, NULL, NULL, NULL, '2022-06-23 15:28:03', '2022-06-23 15:28:03'),
(47, 63, 'Gabriel', '33646345381', NULL, NULL, 75, NULL, NULL, NULL, '2022-06-25 02:40:02', '2022-06-25 02:40:02'),
(48, 64, 'Alvaro', '34654168432', NULL, NULL, 205, NULL, NULL, NULL, '2022-06-25 02:50:32', '2022-06-25 02:50:32'),
(49, 65, 'James', '1489868434', NULL, NULL, 233, NULL, NULL, NULL, '2022-06-25 03:10:38', '2022-06-25 03:10:38'),
(50, 66, 'Lingyun', '8651681357468', NULL, NULL, 47, NULL, NULL, NULL, '2022-06-25 04:34:54', '2022-06-25 04:34:54'),
(51, 67, 'Klaus', '494687316', NULL, NULL, 83, NULL, NULL, NULL, '2022-06-25 05:01:50', '2022-06-25 05:01:50'),
(52, 68, 'Alessandro', '3968468468', '19 Circle Street\r\nArcadia, FL 34266', NULL, 109, NULL, NULL, NULL, '2022-06-25 05:12:02', '2022-06-25 05:12:02'),
(53, 69, 'Santiago', '523854138', NULL, NULL, 145, NULL, NULL, NULL, '2022-06-27 22:22:36', '2022-06-27 22:22:36'),
(54, 70, 'Aroon', '6663843584', NULL, NULL, 219, NULL, NULL, NULL, '2022-06-27 22:33:51', '2022-06-27 22:33:51'),
(55, 71, 'Ahmet', '90354381358', NULL, NULL, 225, NULL, NULL, NULL, '2022-06-27 22:49:00', '2022-06-27 22:49:00'),
(56, 72, 'Arthur', '44654834847', NULL, NULL, 232, NULL, NULL, NULL, '2022-06-27 23:17:05', '2022-06-27 23:17:05'),
(57, 73, 'guiderprofile', '444444444444', NULL, NULL, 233, NULL, NULL, NULL, '2022-06-28 19:56:48', '2022-06-28 19:56:48'),
(58, 74, 'testguider', '444444444444', NULL, NULL, 233, NULL, NULL, NULL, '2022-07-01 23:24:19', '2022-07-01 23:24:19'),
(59, 75, 'Michael2', '111000000', NULL, NULL, 233, NULL, NULL, NULL, '2022-07-04 19:26:13', '2022-07-04 19:26:13'),
(60, 76, 'Michael4', '111000000', NULL, NULL, 233, NULL, NULL, NULL, '2022-07-05 18:28:53', '2022-07-05 18:28:53'),
(61, 77, 'MichaelG1', '111000000', NULL, NULL, 233, NULL, NULL, NULL, '2022-07-05 18:29:11', '2022-07-05 18:29:11'),
(62, 78, 'MichaelG2', '111000000', NULL, NULL, 233, NULL, NULL, NULL, '2022-07-05 18:30:57', '2022-07-05 18:30:57'),
(63, 79, 'MichaelG3', '111000000', NULL, NULL, 233, NULL, NULL, NULL, '2022-07-05 18:31:36', '2022-07-05 18:31:36'),
(64, 80, 'MichaelG4', '111000000', NULL, NULL, 233, NULL, NULL, NULL, '2022-07-05 18:32:14', '2022-07-05 18:32:14'),
(65, 81, 'MichaelA1', '111000000', NULL, NULL, 233, NULL, NULL, NULL, '2022-07-05 19:07:08', '2022-07-05 19:07:08'),
(66, 82, 'Michael5', '111000000', NULL, NULL, 233, NULL, NULL, NULL, '2022-07-05 19:12:07', '2022-07-05 19:12:07'),
(67, 83, 'Michael6', '111000000', NULL, NULL, 233, 'United States', NULL, NULL, '2022-07-05 19:12:55', '2022-07-05 19:12:55'),
(69, 85, 'cetohi6378', '111000000', NULL, NULL, 233, 'United States', NULL, NULL, '2022-07-05 19:24:06', '2022-07-05 19:24:06'),
(70, 86, 'cetohi6378', '111000000', NULL, NULL, 233, 'United States', NULL, NULL, '2022-07-05 21:54:47', '2022-07-05 21:54:47'),
(71, 87, 'cetohi6378', '111000000', NULL, NULL, 233, 'United States', NULL, NULL, '2022-07-05 21:55:41', '2022-07-05 21:55:41'),
(72, 88, 'MichaelG7', '111222223333333344', NULL, NULL, 233, NULL, NULL, NULL, '2022-07-06 19:01:14', '2022-07-06 19:31:48'),
(73, 89, 'Saimoon', '65756456346534', NULL, NULL, 8, 'Andorra', NULL, NULL, '2022-07-06 19:37:18', '2022-07-06 19:37:18'),
(74, 90, 'testguider2', '1111111111222222222222222', NULL, NULL, 233, 'United States', NULL, NULL, '2022-07-07 18:06:48', '2022-07-07 18:06:48'),
(75, 91, 'karen123', '7865929160', NULL, NULL, 5, 'Albania', NULL, NULL, '2022-07-07 19:11:53', '2022-07-07 19:11:53'),
(76, 92, 'Blossam Garcia', '7865929160', NULL, 'gggg', 16, NULL, NULL, 'gfgg', '2022-07-07 19:13:02', '2022-07-07 19:18:28'),
(77, 93, 'vgghghgv', '6676767', NULL, NULL, 10, 'Anguilla', NULL, NULL, '2022-07-07 19:13:57', '2022-07-07 19:13:57'),
(78, 94, 'blossam123', '6767666', NULL, NULL, 18, 'Azerbaijan', NULL, NULL, '2022-07-07 19:28:27', '2022-07-07 19:28:27'),
(79, 95, 'hellohere', '454454', NULL, NULL, 9, 'Angola', NULL, NULL, '2022-07-07 19:29:10', '2022-07-07 19:29:10'),
(80, 96, 'MichaelG8', '111111111111', NULL, NULL, 233, 'United States', NULL, NULL, '2022-07-07 20:00:57', '2022-07-07 20:00:57'),
(81, 97, 'saimoon&bilal', '11111111111111222222222222222', NULL, NULL, 4, 'Afghanistan', NULL, NULL, '2022-07-08 17:45:07', '2022-07-08 17:45:07'),
(82, 98, 'saimoon&bilal2', '111000000', NULL, NULL, 233, 'United States', NULL, NULL, '2022-07-08 17:46:32', '2022-07-08 17:46:32'),
(85, 101, 'tocebe', '123456789', NULL, NULL, 233, NULL, NULL, NULL, '2022-07-08 21:40:58', '2022-07-08 22:45:51'),
(86, 102, 'Patrick', '12025550115', 's-34 Sofaro Park Albani', '78451', 5, 'Albania', 'Patrick', '45478965478914', '2022-07-08 22:07:21', '2022-07-08 22:16:58'),
(87, 103, 'cehiyop147', '447911123864', NULL, NULL, 232, 'United Kingdom', NULL, NULL, '2022-07-08 22:42:09', '2022-07-08 22:42:09'),
(88, 104, 'MichaelG9', '111000000', NULL, NULL, 233, 'United States', NULL, NULL, '2022-07-13 16:17:11', '2022-07-13 16:17:11'),
(89, 105, 'brackdrave', '16594567863', '4109 Ch. de la Cte-des-Neiges Montral, QC H3H 1W9, Canada', 'H3H 1W8', 41, 'Canada', NULL, NULL, '2022-07-13 22:44:49', '2022-07-21 18:29:24'),
(90, 106, 'Admin', '98765654332', NULL, NULL, 8, 'Andorra', NULL, NULL, '2022-07-27 16:10:52', '2022-07-27 16:10:52'),
(91, 107, 'dapak', '48', NULL, NULL, 195, 'Serbia', NULL, NULL, '2022-08-11 19:33:07', '2022-08-11 19:33:07'),
(92, 108, 'Simone Burke', '514343243434344234343564651075104145105410454105415313', 'Nihil et rerum offic', '41868', 182, 'Qatar', 'Aliqua Eligendi do', '89432432432 43434324', '2022-08-11 19:34:11', '2022-08-11 19:36:39');

-- --------------------------------------------------------

--
-- Table structure for table `reviews`
--

CREATE TABLE `reviews` (
  `id` int(11) NOT NULL,
  `user_id` int(11) NOT NULL,
  `message` longtext NOT NULL,
  `star` int(11) NOT NULL,
  `status` int(11) NOT NULL COMMENT '1 = active, 0 = inactive',
  `created_at` timestamp NULL DEFAULT NULL,
  `updated_at` timestamp NULL DEFAULT NULL
) ENGINE=InnoDB DEFAULT CHARSET=utf8mb4;

--
-- Dumping data for table `reviews`
--

INSERT INTO `reviews` (`id`, `user_id`, `message`, `star`, `status`, `created_at`, `updated_at`) VALUES
(4, 3, 'test message 1', 5, 1, '2022-06-27 13:24:15', '2022-06-27 13:24:15'),
(5, 3, 'test message 2', 4, 1, '2022-06-27 13:24:24', '2022-06-27 13:24:24'),
(6, 3, 'test message 3', 5, 1, '2022-06-27 13:24:47', '2022-06-27 13:24:47'),
(7, 3, 'test message 4', 3, 1, '2022-06-27 13:29:37', '2022-06-27 13:29:37'),
(8, 3, 'On the other hand, we denounce with righteous indignation and dislike men who are so beguiled and demoralized by the charms of pleasure of the moment, so blinded by desire, that they cannot foresee the pain and trouble that are bound to ensue; and equal blame belongs to those who fail in their duty through weakness of will, which is the same as saying through shrinking from toil and pain. These cases are perfectly simple and easy to distinguish. In a free hour, when our power of choice is untrammelled and when nothing prevents our being able to do what we like best, every pleasure is to be welcomed and every pain avoided. But in certain circumstances and owing to the claims of duty or the obligations of business it will frequently occur that pleasures have to be repudiated and annoyances accepted. The wise man therefore always holds in these matters to this principle of selection: he rejects pleasures to secure other greater pleasures, or else he endures pains to avoid worse pains.', 5, 1, '2022-06-27 13:32:47', '2022-06-27 13:32:47'),
(15, 3, 'chaimoon', 5, 1, '2022-07-01 22:35:20', '2022-07-01 22:35:20'),
(16, 3, 'Hello 123 test', 5, 1, '2022-07-04 16:33:02', '2022-07-04 16:33:02'),
(17, 44, 'chairman', 5, 1, '2022-07-04 17:11:41', '2022-07-04 17:11:41'),
(18, 3, 'Hello 123 test', 5, 1, '2022-07-04 21:46:16', '2022-07-04 21:46:16'),
(19, 3, 'Hello 123 test', 5, 1, '2022-07-04 21:59:07', '2022-07-04 21:59:07'),
(20, 43, 'Commit B', 5, 1, '2022-07-04 22:20:02', '2022-07-04 22:20:02'),
(21, 3, 'Hello 123 test', 5, 1, '2022-07-04 22:33:48', '2022-07-04 22:33:48'),
(22, 43, 'hello worldas', 3, 1, '2022-07-04 22:59:48', '2022-07-04 22:59:48'),
(23, 43, 'sdkalfjsdlj', 1, 1, '2022-07-04 23:03:23', '2022-07-04 23:03:23'),
(24, 43, 'sainiiiiiii', 4, 1, '2022-07-06 19:19:15', '2022-07-06 19:19:15'),
(25, 43, 'aaa', 3, 1, '2022-07-06 19:19:52', '2022-07-06 19:19:52'),
(26, 43, 'Hlloe world', 2, 1, '2022-07-06 19:24:13', '2022-07-06 19:24:13'),
(27, 43, 'full party', 5, 1, '2022-07-06 19:24:38', '2022-07-06 19:24:38'),
(28, 3, 'Hello 123 test', 5, 1, '2022-07-15 20:03:53', '2022-07-15 20:03:53'),
(29, 89, 'Hgghhhg', 5, 1, '2022-07-15 20:05:29', '2022-07-15 20:05:29'),
(30, 44, 'Rrtyuioiuytrewdfghibvctyuhf. Uhuigyu fdtd. Hi it. Ty.  Y', 4, 1, '2022-08-02 16:10:55', '2022-08-02 16:10:55');

-- --------------------------------------------------------

--
-- Table structure for table `users`
--

CREATE TABLE `users` (
  `id` int(11) NOT NULL,
  `username` varchar(55) NOT NULL,
  `email` varchar(55) NOT NULL,
  `provider_id` varchar(255) DEFAULT NULL,
  `avatar` varchar(255) DEFAULT NULL,
  `password` varchar(555) DEFAULT NULL,
  `user_role` int(11) NOT NULL COMMENT '0 = tourist,1 = guider, 2 = admin',
  `status` int(11) DEFAULT '0' COMMENT '1 = active , 0 = inactive ',
  `profile_status` int(11) NOT NULL DEFAULT '0' COMMENT '0 = Profile unlocked, 1 = profile locked',
  `is_reset` int(11) NOT NULL DEFAULT '0',
  `is_approved` int(11) NOT NULL DEFAULT '0' COMMENT '0 = not Approved,\r\n1 = Approved',
  `facebook_id` varchar(255) DEFAULT NULL,
  `created_at` timestamp NOT NULL DEFAULT CURRENT_TIMESTAMP,
  `updated_at` timestamp NOT NULL DEFAULT CURRENT_TIMESTAMP
) ENGINE=InnoDB DEFAULT CHARSET=utf8mb4;

--
-- Dumping data for table `users`
--

INSERT INTO `users` (`id`, `username`, `email`, `provider_id`, `avatar`, `password`, `user_role`, `status`, `profile_status`, `is_reset`, `is_approved`, `facebook_id`, `created_at`, `updated_at`) VALUES
(1, 'Guider', 'guider@gmail.com', NULL, '1656101453.png', '$2y$10$zu8Vb189CgdwtYYJ12dO.OcHu6D6ZbyZuxhJ68h7CrDppVoshIvwe', 1, 1, 0, 0, 0, NULL, '2022-07-01 03:50:00', '2022-07-02 00:10:53'),
(2, 'b', 'b@gmail.com', NULL, NULL, '$2y$10$FH0xRJGIwN.uVn88SLMAAO8wyadql9twgLKaQshFEwsetI4PdYjmG', 0, 1, 0, 0, 0, NULL, '2022-04-01 04:24:49', '2022-04-01 04:24:49'),
(3, 'Vacationer', 'vacationer@gmail.com', NULL, '1656101453.png', '$2y$10$x0mvx1MJ5tOozRYqOP16qOMWd0/jip1NOmdGWjE2IArCzJACZ8JmK', 0, 1, 0, 0, 0, NULL, '2022-04-01 05:03:03', '2022-07-20 17:31:12'),
(4, 'admin', 'admin@mail.com', NULL, NULL, '$2y$10$eBzm3cEsbRSf2djUAs1P2eyT.yQlWP3XJQb737CalCQoTsdTbRvja', 2, 1, 0, 0, 0, NULL, '2022-04-06 22:07:49', '2022-06-21 15:45:37'),
(8, 'yrux', 'yruxwork@gmail.com', NULL, NULL, '$2y$10$59NwTLmBUd3kiXG52QghDOVfb3Vml7ZaThRsDMu693oF2YchRFRSi', 0, 1, 0, 0, 0, NULL, '2022-04-29 04:29:45', '2022-04-29 04:29:45'),
(10, 'tidas', 'vepesepo@mailinator.com', NULL, NULL, '$2y$10$pmuPJPylcODdpRixZEgiq.uVr6nU2hB4Ylln9wB2aVzXvpsIRamQW', 0, 0, 0, 0, 0, NULL, '2022-05-10 05:01:46', '2022-05-10 05:01:46'),
(11, 'moxuzulab', 'gyzawyde@mailinator.com', NULL, NULL, '$2y$10$QTlhuZmC6dvWZJMnrArN0.cCCh270.dewjgDZT/TFN4EsO47h7w.O', 0, 0, 0, 0, 0, NULL, '2022-05-10 05:07:10', '2022-05-10 05:07:10'),
(12, 'dasdqawd', 'fyqad@mailinator.com', NULL, NULL, '$2y$10$lLIYytJ5hy2AuQRRh.LM1OTLYPxTxXmHbfnVJ1KaDgRkGHDRn.jOK', 0, 0, 0, 0, 0, NULL, '2022-05-10 05:07:34', '2022-05-10 05:07:34'),
(13, 'gacuji', 'kakudi@mailinator.com', NULL, NULL, '$2y$10$T4KSJuIvDkYbXnKkBUNqhukAc14sQ.NYIgwKUN.kFFax6ypDE0Oly', 0, 0, 0, 0, 0, NULL, '2022-05-10 05:10:27', '2022-05-10 05:10:27'),
(14, 'vosenil952', 'vosenil952@chokxus.com', NULL, NULL, '$2y$10$9R3Box8oAHoPXsBIU16kie0Lc8PbeJT.GlfbKEG2QVoCbGfmOOvUq', 0, 1, 0, 0, 0, NULL, '2022-05-10 05:12:17', '2022-05-10 05:12:28'),
(28, 'Mack', 'ez@gmail.com', NULL, NULL, '$2y$10$AwzXvOvdAUEDDekfZJ/dLuXim/DRYpzSEjtC/xruDR.BEYPNMV5OO', 0, 0, 0, 0, 0, NULL, '2022-06-15 19:01:37', '2022-06-15 19:01:37'),
(29, 'guider2', 'guider2@gmail.com', NULL, NULL, '$2y$10$WgYeD46x.eABq37dZeF8c.PQNaGPLOu3IZFUgubK1MfUc5hHOum26', 1, 1, 0, 0, 0, NULL, '2022-06-15 23:12:44', '2022-06-15 23:12:44'),
(30, 'martix', 'martix@mail.com', NULL, NULL, '$2y$10$LbePvAxM9ht.MljRA/ZpYegCc8CaXfbh3ROGHaAsFqB6htB24exg2', 0, 1, 0, 0, 0, NULL, '2022-06-16 15:41:23', '2022-06-16 15:41:23'),
(31, 'Mack', 'eza@gmail.com', NULL, NULL, '$2y$10$H4y08CLS3UwRwie9sOAtluMuUxBJ820j7lztA4uzIi0809jmPUf3G', 0, 0, 0, 0, 0, NULL, '2022-06-16 15:42:30', '2022-06-16 15:42:30'),
(32, 'Mack', 'ezaz@gmail.com', NULL, NULL, '$2y$10$ioe44CWy0yehEx0tfQnMbOOhCySZs42hpEAPf2dqPWYCJ6Bd/vE8m', 0, 0, 0, 0, 0, NULL, '2022-06-16 16:44:43', '2022-06-16 16:44:43'),
(33, 'Mack', 'test1@gmail.com', NULL, NULL, '$2y$10$1I9vx3CxlgdDagcrIe9aWuFS3XJRk5E1b3Y9kZzTMf4Cx4IKGlrx6', 0, 0, 0, 0, 0, NULL, '2022-06-16 17:06:02', '2022-06-16 17:06:02'),
(34, 'Mack', 'test2@gmail.com', NULL, NULL, '$2y$10$1BYxrlbEdetWJm2cz4RVvOn8Rn52fbsTI0n8HU7vqn.2Evox5yh8S', 0, 0, 0, 0, 0, NULL, '2022-06-16 18:15:20', '2022-06-16 18:15:20'),
(35, 'Mack', 'test3@gmail.com', NULL, NULL, '$2y$10$QMDASRMZhS/CvTVLmJA3a.X/dS8qhIbT.6wqcc3Hi9AozVY2u2J4.', 0, 0, 0, 0, 0, NULL, '2022-06-16 18:16:51', '2022-06-16 18:16:51'),
(36, 'Mack', 'int4@gmail.com', NULL, NULL, '$2y$10$caFt/gJSjY8Mezt9Rg8EG.19xP/FEvizL6y7HpfCFOzIMhFmeZnEu', 0, 0, 0, 0, 0, NULL, '2022-06-16 18:17:20', '2022-06-16 18:17:20'),
(37, 'martix', 'martix2@mail.com', NULL, NULL, '$2y$10$Ou66oITckLbKtWEHouu7g.rcBGEPvfSDXYw5FMuQhNC7Yr7THYHwK', 0, 0, 0, 0, 0, NULL, '2022-06-16 18:18:03', '2022-06-16 18:18:03'),
(38, 'martix', 'martix3@mail.com', NULL, NULL, '$2y$10$PEG.5BgkAW8CWUifKCx4xex55F93rPHcO7js8Zdf06k0sP30LLoey', 0, 0, 0, 0, 0, NULL, '2022-06-16 18:19:10', '2022-06-16 18:19:10'),
(39, 'Mack', 'int5@gmail.com', NULL, NULL, '$2y$10$WnNH/UnTQsICbmcf/GUw5e5z6nRPH7WRuRHPiebGR38Cyeo5SoMty', 0, 0, 0, 0, 0, NULL, '2022-06-16 18:22:18', '2022-06-16 18:22:18'),
(40, 'kiv', 'kiv1@gmail.com', NULL, NULL, '$2y$10$9v.i9bETxeu2.Dq/D7rOc.s8CFu.XEP8Lu/rjTTrAa3BPs8S6lu3G', 0, 0, 0, 0, 0, NULL, '2022-06-16 19:17:49', '2022-06-16 19:17:49'),
(41, 'kiv2', 'kiv2@gmail.com', NULL, NULL, '$2y$10$.JNe9YXmdmq0fmtrZQdwY.jRf0ht3nVH/OkbT47AUkiWURND6SZSy', 0, 0, 0, 0, 0, NULL, '2022-06-16 19:23:19', '2022-06-16 19:23:19'),
(42, 'kiv3', 'kiv3@gmail.com', NULL, NULL, '$2y$10$zG/IWp/dyjy.cxlji/GgWuzoEo66DfZXDuqMOMPAojWuJS5WdWa1S', 0, 0, 0, 0, 0, NULL, '2022-06-16 19:24:34', '2022-06-16 19:24:34'),
(43, 'bilal', 'bilal@gmail.com', NULL, '16571238763.jpg', '$2y$10$eA1.yG3jCF3Y6fzILVx8lOwEzvJGQIGguAW01H5qiutHrU8ImX/bO', 0, 1, 0, 0, 0, NULL, '2022-06-16 20:05:02', '2022-06-16 20:05:02'),
(44, 'saimoon', 'saimoon@gmail.com', NULL, '16571238763.jpg', '$2y$10$8bR2RFJ.IGZvn/awpTWE7eXyYtP5l.Ef9ifUoFC4qWJB9E9beWYky', 0, 1, 0, 0, 0, NULL, '2022-06-16 20:05:19', '2022-06-16 20:05:19'),
(45, 'Wetyuior', 'Wertyuio@gmail.com', NULL, NULL, '$2y$10$xNlIZu/hSGwqWjOdbc.myOcSWPTDMJjs3CDjJ2dQcuhCuigct8j.C', 0, 0, 0, 0, 0, NULL, '2022-06-17 13:27:02', '2022-06-17 13:27:02'),
(46, 'Wetyuior', 'Sdfghjhgfdsxcvbnm@gmail.com', NULL, NULL, '$2y$10$CfyKzbEM.TPdBVN2PhOgheJLid9GRbKNuHfU.4gFxJba5Wo55WT4K', 0, 0, 0, 0, 0, NULL, '2022-06-17 13:30:46', '2022-06-17 13:30:46'),
(47, 'Wetyuior', 'Sdfghjh@gmail.com', NULL, NULL, '$2y$10$q7Fae7WTIosLDKstmVxZ3.pUo12ckMNkoriUovParfrZM5pi5DE8y', 0, 0, 0, 0, 0, NULL, '2022-06-17 13:31:17', '2022-06-17 13:31:17'),
(48, 'Mack', 'int6@gmail.com', NULL, NULL, '$2y$10$lmUEwZAB.pH25mCUjNxiY.Qyivcaymk.4E7qQ1Ij72ZG0Ax7DUiNC', 0, 0, 0, 0, 0, NULL, '2022-06-17 13:31:48', '2022-06-17 13:31:48'),
(49, 'Wetyuior', 'Sdfghj@gmail.com', NULL, NULL, '$2y$10$9Q87Dj8YSSfI14EQ0J6RFOjO22eWLu/7D3IiFytZ8RHZb/YsffybK', 0, 0, 0, 0, 0, NULL, '2022-06-17 13:33:26', '2022-06-17 13:33:26'),
(50, 'Mack', 'int8@gmail.com', NULL, NULL, '$2y$10$bKFM/05za0WlBT4DaNiKOuiUt9RPRHy1GywBzuXBIQCdLZKmJoQNG', 0, 0, 0, 0, 0, NULL, '2022-06-17 14:44:02', '2022-06-17 14:44:02'),
(52, 'saimoon', 'saimoon1@gmail.com', NULL, '16571238763.jpg', '$2y$10$CDe.5wHnpLlvnsK.lhIPbOfi.LBh9PbqnrLHqIVf9HgJmQmi3IpJq', 0, 0, 0, 0, 0, NULL, '2022-06-17 14:44:58', '2022-06-17 14:44:58'),
(53, 'Wertyuikjhgfd', 'Sdfghjkloiuytre@gmail.com', NULL, NULL, '$2y$10$e2jY0rYRtm7zAZIP3Rp9HOsivJSCVzQLswqBQkIT8PuMPCfN/S2fm', 0, 0, 0, 0, 0, NULL, '2022-06-17 15:00:59', '2022-06-17 15:00:59'),
(54, 'Mack', 'ezaz211@gmail.com', NULL, NULL, '$2y$10$sjuZN6lcPaCpWGbMDgERUeMLIdY3Blorqy3gOkJW0.sOxOXDfvAjW', 0, 0, 0, 0, 0, NULL, '2022-06-17 15:02:12', '2022-06-17 15:02:12'),
(55, 'Mack', 'ezaz21111@gmail.com', NULL, NULL, '$2y$10$3TWf4HatIU8HPBSnzLzbdusRbYNMk0bVfG.1t3xidwn.g7HSaw.Vm', 0, 0, 0, 0, 0, NULL, '2022-06-17 15:03:54', '2022-06-17 15:03:54'),
(56, 'Wertyuikjhgfd', 'Dfyredsxcvbutfv@gmail.com', NULL, NULL, '$2y$10$Fy2qi2mvbW0X7ZShHBxE1.q9ma9z7nfa7wWCWEvr9ZfoAaNi/i0rC', 0, 0, 0, 0, 0, NULL, '2022-06-17 15:05:34', '2022-06-17 15:05:34'),
(57, 'doneranyzi', 'doboc56356@akapple.com', NULL, NULL, '$2y$10$fnTz.iCFDMNlY9JEh0PCeOUp4deCaAZOSSJeudohOrZ9PH6nkX0sK', 0, 1, 0, 1, 0, NULL, '2022-06-20 22:50:31', '2022-06-20 23:25:41'),
(60, 'Mack', 'ezaz2112111@gmail.com', NULL, NULL, '$2y$10$YZhsmKLypkbB5bp992TaruhjCuMrxk6cracPmZTvc90Ahm6xRx1q6', 0, 0, 0, 0, 0, NULL, '2022-06-23 15:27:23', '2022-06-23 15:27:23'),
(61, 'Mack', 'ezaz2311@gmail.com', NULL, NULL, '$2y$10$U2rS7tP/G2gqZBnnH54f8eY6.3yc2wwKiAoYDHltiofUfhE.rKml.', 0, 0, 0, 0, 0, NULL, '2022-06-23 15:28:03', '2022-06-23 15:28:03'),
(63, 'Gabriel', 'gabriel@gmail.com', NULL, '1656110402.jpg', '$2y$10$wGiQxJbQchkd5t7TQV.2Z.IzUut7hqVdXzkLmMWukRIPZsjpDr3HC', 1, 1, 0, 0, 0, NULL, '2022-06-25 02:40:02', '2022-06-25 02:40:02'),
(64, 'Alvaro', 'alvaro@gmail.com', NULL, '1656111032.jpg', '$2y$10$Ecm4CpIDHZc0sjqTDVY.J.iz7NuRyNzWED1ae0EzYv67g0QPaItn2', 1, 1, 0, 0, 0, NULL, '2022-06-25 02:50:32', '2022-06-25 02:50:32'),
(65, 'James', 'james@gmail.com', NULL, '1656112238.jpg', '$2y$10$RuCC312iMYQioC29ycYo7.mhMkVm5O2/HnlGFtjoSrSrLwQLvnlZ2', 1, 1, 0, 0, 0, NULL, '2022-06-25 03:10:38', '2022-06-25 03:10:38'),
(66, 'Lingyun', 'lingyun@gmail.com', NULL, '1656117294.jpg', '$2y$10$O04Yjupxqgybqpmp47Xj2uCx0Zre2h0k1wEJh7Jh4rloOy6XjlWJW', 1, 1, 0, 0, 0, NULL, '2022-06-25 04:34:54', '2022-06-25 04:34:54'),
(67, 'Klaus', 'klaus@gmail.com', NULL, '1656118910.jpg', '$2y$10$EcYRM8tVX83rThQTvpZt3.bSgnhsTxI1jin3X74fBNmd8/J9rza9O', 1, 1, 0, 0, 0, NULL, '2022-06-25 05:01:50', '2022-06-25 05:01:50'),
(68, 'Alessandro', 'alessandro@gmail.com', NULL, '1656119522.jpg', '$2y$10$O4RrTepc27XrxXl0BlI.SO9oWCqDQKYU/MUHNbhxo1JBFjMVYT1Gu', 1, 1, 0, 0, 0, NULL, '2022-06-25 05:12:02', '2022-06-25 05:12:02'),
(69, 'Santiago', 'santiago@gmail.com', NULL, '1656354156.jpg', '$2y$10$/xMx0z9h1ik1sQENzTzG.uVStA3psxninN9jLbujshsgJxy0ZWA0S', 1, 1, 0, 0, 0, NULL, '2022-06-27 22:22:36', '2022-06-27 22:22:36'),
(70, 'Aroon', 'aroon@gmail.com', NULL, '1656354831.jpg', '$2y$10$Ov0fSA/RdTELmfeoFXGH..MuYzfnYbT6j8v8q.n.SOalW4DXvyEBa', 1, 1, 0, 0, 0, NULL, '2022-06-27 22:33:51', '2022-06-27 22:33:51'),
(71, 'Ahmet', 'ahmet@gmail.com', NULL, '1656355740.jpg', '$2y$10$00lWWT1Gl.Z0M1O53YHSUedBXMldVkmIf/AHOJYeKnuCL0FiaaXNC', 1, 1, 0, 0, 0, NULL, '2022-06-27 22:49:00', '2022-06-27 22:49:00'),
(72, 'Arthur', 'arthur@gmail.com', NULL, '1656357425.jpg', '$2y$10$0SKLI9bzayB2XApdKQSfCOjQoa0HlMzIb1nIH9XtJIf9FFLMMLVk2', 1, 1, 0, 0, 0, NULL, '2022-06-27 23:17:05', '2022-06-27 23:17:05'),
(73, 'guiderprofile', 'guiderprofile@gmail.com', NULL, '1656431808.jpg', '$2y$10$SFUtAcMk7cjpqp41KImenu2q3yMxTa4AJzjfywmIlxmwGUzlEyL3m', 1, 1, 0, 0, 0, NULL, '2022-06-28 19:56:48', '2022-06-28 19:56:48'),
(74, 'testguider', 'testguider@gmail.com', NULL, '1656703459.jpg', '$2y$10$CDGkBoXbqDbiSQB79X8tcO6PyUDUgAaps5mu3D.MwnIkjmp4wms2W', 1, 1, 0, 0, 0, NULL, '2022-07-01 23:24:19', '2022-07-01 23:24:19'),
(75, 'Michael2', 'update040722-2@gmail.com', NULL, '16569483735.jpg', '$2y$10$ljDcAeTP/HUuC834RF.rquRmVOmZNAPeVl.7Eq2OgPszJw7rOnjwi', 0, 1, 0, 0, 0, NULL, '2022-07-04 19:26:13', '2022-07-04 19:26:13'),
(76, 'Michael4', 'Michael4@gmail.com', NULL, '165703133310.jpg', '$2y$10$Vg9f0JawgnYtEKC1CyoNb.itLa/bKYZhpVYF3CbbG94VhUU2xVMfG', 0, 1, 0, 0, 0, NULL, '2022-07-05 18:28:53', '2022-07-05 18:28:53'),
(77, 'MichaelG1', 'MichaelG1@gmail.com', NULL, '165703135124.jpg', '$2y$10$LnWqFsQXhdrUFPWwb8FOPe9v2f6vfdsaWlevaqqhkOmF1lItphubG', 1, 1, 0, 0, 0, NULL, '2022-07-05 18:29:11', '2022-07-05 18:29:11'),
(78, 'MichaelG2', 'MichaelG2@gmail.com', NULL, '165703145717.jpg', '$2y$10$HT8jJDLsPK0xbAizHMRJMOXMlLq9.PULG8PrEp/0/MB8.0Uezjj/q', 1, 1, 0, 0, 0, NULL, '2022-07-05 18:30:57', '2022-07-05 18:30:57'),
(79, 'MichaelG3', 'MichaelG3@gmail.com', NULL, '16570314969.jpg', '$2y$10$6tDBCn3pHxQtYhXUpGakvOsJ3sXYIVZhYgAB0dmoxlB6dJbYPy8j6', 1, 1, 0, 0, 0, NULL, '2022-07-05 18:31:36', '2022-07-05 18:31:36'),
(80, 'MichaelG4', 'MichaelG4@gmail.com', NULL, '165703153422.jpg', '$2y$10$doDmt41imhdarDLIUJtuJut/.dIs2vfQ/ix5DDrbBoIriBZQe4OnG', 1, 1, 0, 0, 0, NULL, '2022-07-05 18:32:14', '2022-07-05 18:32:14'),
(81, 'MichaelG5', 'MichaelG5@gmail.com', NULL, '165703362814.jpg', '$2y$10$M4Q.DyQVP7l2PLTwmpN8fu.DA5FJarWzKY9PmxqtnC2RDAmdOCVzi', 1, 1, 0, 0, 0, NULL, '2022-07-05 19:07:08', '2022-07-05 19:07:08'),
(82, 'Michael5', 'Michael5@gmail.com', NULL, '165703392722.jpg', '$2y$10$CwSKu8FBCdvAUpZI5c356ea4H1gZKysZO6piQuglvbcZmPj.SyugO', 0, 1, 0, 0, 0, NULL, '2022-07-05 19:12:07', '2022-07-05 19:12:07'),
(83, 'Michael6', 'Michael6@gmail.com', NULL, '16570339752.jpg', '$2y$10$F.OSfMd5sBwVOCp3E8SWOu0GmijkFL1ORY/YXFXaoUv7/XYXGffPS', 0, 1, 0, 0, 0, NULL, '2022-07-05 19:12:55', '2022-07-05 19:12:55'),
(85, 'cetohi6378', 'cetohi6378@hekarro.com', NULL, '165703464626.jpg', '$2y$10$CzmI7B2mVAt0U78Nhjn7r.abQeCDzQ5GDRD1P2ev8DmF8EHKDkLk.', 1, 0, 0, 0, 0, NULL, '2022-07-05 19:24:06', '2022-07-05 19:24:06'),
(86, 'cetohi6378', 'cetohi63781@hekarro.com', NULL, '16570436878.jpg', '$2y$10$g3YHLQnFYCxZqpCwZyr/iu0oNu4cMkhinhPdsjiyX9SVRl9CH0OVC', 1, 0, 0, 0, 0, NULL, '2022-07-05 21:54:47', '2022-07-05 21:54:47'),
(87, 'cetohi6378', 'cetohi63782@hekarro.com', NULL, '16570437419.jpg', '$2y$10$uo4.jJkfKqoBS7VZ1EdOA.P0qrpGAIDLpc71bMpTlOzH2JEtMAf7y', 1, 0, 0, 0, 0, NULL, '2022-07-05 21:55:41', '2022-07-05 21:55:41'),
(88, 'MichaelG7', 'MichaelG7@gmail.com', NULL, '16571238763.jpg', '$2y$10$RCyKvmSF3DwHRcK83mhoOO3jW5mraQA81tm9LD8pNTumqrtg9cO9y', 1, 1, 0, 0, 0, NULL, '2022-07-06 19:01:14', '2022-07-06 20:11:16'),
(89, 'Saimoon', 'saimoon22@gmail.com', NULL, '16571238763.jpg', '$2y$10$fIMzI6y2AxFwK8FJaAmxVe5in1hMuSxmCQdv2jljaHnKCELbapqQ2', 0, 1, 0, 0, 0, NULL, '2022-07-06 19:37:18', '2022-07-06 19:37:18'),
(90, 'testguider2', 'testguider2@gmail.com', NULL, '165720280826.jpg', '$2y$10$/gGqHYRRLXRCMk7i/c2oVugVoeRW.C0k.Jktc/js0WPktyhm.AdTy', 1, 0, 0, 0, 0, NULL, '2022-07-07 18:06:48', '2022-07-07 18:06:48'),
(91, 'karen123', 'karen123@gmail.com', NULL, '165720671313.jpg', '$2y$10$fQynfmJDgTzZsPv3YhncheCMzdUtOWk7jatzU/RrKwKbL64aER3Gm', 1, 1, 0, 0, 0, NULL, '2022-07-07 19:11:53', '2022-07-07 19:11:53'),
(92, 'Blossam Garcia', 'blossampgrc094@gmail.com', NULL, '165720678213.jpg', '$2y$10$u8huZ/OJn2BF2qwnWhBry.ARILav1nQf5naEbPUSN9XGe4QU1.m7m', 1, 1, 0, 0, 0, NULL, '2022-07-07 19:13:02', '2022-07-07 19:13:02'),
(93, 'vgghghgv', 'fjghrgrh@gmail.com', NULL, '165720683723.jpg', '$2y$10$2nYYH2othnviRxDRK2XKJuaupth./KIT4pDuLSnpriCQhC7ZbkKNm', 1, 1, 0, 0, 0, NULL, '2022-07-07 19:13:57', '2022-07-07 19:13:57'),
(94, 'blossam123', 'blossampggvgrc094@gmail.com', NULL, '165720770722.jpg', '$2y$10$Ia1/YL4AvR7VeZVtMZaFS.Dj8AzAdB7onAdPc/FH13Co0u4CzyQAW', 0, 0, 0, 0, 0, NULL, '2022-07-07 19:28:27', '2022-07-07 19:28:27'),
(95, 'hellohere', 'hellohere@gmail.com', NULL, '165720774923.jpg', '$2y$10$b26m/JOsQ2XoupzUq0.fE.dBtbCuCmtdcn9/aaAM/hNdMzMyRpq7e', 1, 0, 0, 0, 0, NULL, '2022-07-07 19:29:10', '2022-07-07 19:29:10'),
(96, 'MichaelG8', 'MichaelG8@gmail.com', NULL, '16572096575.jpg', '$2y$10$Qp7VDcQ60SVkwQBHGCho9e9ZfCUAC9bYFGqccXUZ1VBDtofNLKGrq', 1, 1, 0, 0, 0, NULL, '2022-07-07 20:00:57', '2022-07-07 20:00:57'),
(97, 'saimoon&bilal', 'saimoon&bilal@gmail.com', NULL, '165728790723.jpg', '$2y$10$UAhCHYEpWsZnPpv3MFPU5ufmCeMvNF/6SXfnuZvwZJfxq2esg7DZu', 0, 1, 0, 0, 0, NULL, '2022-07-08 17:45:07', '2022-07-08 17:45:07'),
(98, 'saimoon&bilal2', 'saimoon&bilal2@gmail.com', NULL, '165728799218.jpg', '$2y$10$eH8VetLxKFTKZD.q7/ScROJqkcZtkRUoYLjV3BhLC0lO1NZTdJh3q', 0, 1, 0, 0, 0, NULL, '2022-07-08 17:46:32', '2022-07-08 17:46:32'),
(101, 'tocebe4857', 'tocebe4857@meidir.com', NULL, '165730548916.jfif', '$2y$10$xO/lbx7wlUNC0d/1eG4N..4PagaJaFouQsmrFld4LcI1PqNcvuU6i', 1, 1, 0, 0, 0, NULL, '2022-07-08 21:40:58', '2022-07-08 22:38:09'),
(102, 'Patrick', 'bilal1@gmail.com', NULL, '16573042278.jpeg', '$2y$10$4pbzMwphVWVpQGjEPTmPcewOrYJvSSNvOH2FlKOSRc/EFY/Cg1W1a', 1, 1, 0, 0, 0, NULL, '2022-07-08 22:07:20', '2022-07-08 22:17:07'),
(103, 'cehiyop147', 'cehiyop147@jrvps.com', NULL, '165730572918.jfif', '$2y$10$2vez2hpkuUpiLrG3Hk3k8.AAQG1yTO/4FYwarrlmy1lE0pO2Ibf.u', 0, 1, 0, 0, 0, NULL, '2022-07-08 22:42:09', '2022-07-08 22:44:06'),
(104, 'MichaelG9', 'MichaelG9@gmail.com', NULL, '16577146301.jpg', '$2y$10$fkIGFeibcknHIIrRQ8heK.5Wvm1lmy09iAY58l5/iC9H8BTg5Q.WC', 1, 1, 0, 0, 0, NULL, '2022-07-13 16:17:11', '2022-07-13 16:17:11'),
(105, 'brackdrave', 'brackdrave@gmail.com', NULL, '16577415753.png', '$2y$10$s.7l3/RSdT2PVlqaJ5AZS.It03tMYXwB2KEcsxlkJhhNj8IrZWzby', 1, 1, 0, 0, 0, NULL, '2022-07-13 22:44:49', '2022-07-13 23:46:15'),
(106, 'Admin', 'admin1@gmail.com', NULL, '165730513928.jpg', '$2y$10$eBzm3cEsbRSf2djUAs1P2eyT.yQlWP3XJQb737CalCQoTsdTbRvja', 0, 1, 0, 0, 1, NULL, '2022-07-27 16:10:52', '2022-07-27 16:10:52'),
(107, 'dapak', 'zypolupaj@mailinator.com', NULL, '166023198716.jpg', '$2y$10$bkvrSe3vMCnzcXUVXlhh6u0CmzzDaEOSv2NQRslQfSYab0gKsvGCq', 1, 0, 0, 0, 0, NULL, '2022-08-11 19:33:07', '2022-08-11 19:33:07'),
(108, 'MichaelG10', 'MichaelG10@gmail.com', NULL, '166023205128.jpg', '$2y$10$dTFseYG6H/wtr4UTPyMSg.ixRzQivsRXFm4vTq.qpk3O1ZsS7.Qve', 1, 1, 0, 0, 0, NULL, '2022-08-11 19:34:11', '2022-08-11 19:34:11');

-- --------------------------------------------------------

--
-- Table structure for table `visitors`
--

CREATE TABLE `visitors` (
  `id` bigint(20) UNSIGNED NOT NULL,
  `click` int(11) NOT NULL,
  `viewer` int(11) NOT NULL,
  `created_at` timestamp NULL DEFAULT NULL,
  `updated_at` timestamp NULL DEFAULT NULL
) ENGINE=InnoDB DEFAULT CHARSET=utf8mb4 COLLATE=utf8mb4_unicode_ci;

--
-- Dumping data for table `visitors`
--

INSERT INTO `visitors` (`id`, `click`, `viewer`, `created_at`, `updated_at`) VALUES
(1, 4, 10, NULL, NULL),
(2, 25, 45, NULL, NULL),
(3, 34, 56, NULL, NULL),
(4, 23, 54, NULL, NULL),
(5, 32, 51, NULL, NULL),
(6, 12, 21, NULL, NULL);

--
-- Indexes for dumped tables
--

--
-- Indexes for table `activities`
--
ALTER TABLE `activities`
  ADD PRIMARY KEY (`id`);

--
-- Indexes for table `countries`
--
ALTER TABLE `countries`
  ADD PRIMARY KEY (`id`);

--
-- Indexes for table `faq`
--
ALTER TABLE `faq`
  ADD PRIMARY KEY (`id`);

--
-- Indexes for table `favored_sceneries`
--
ALTER TABLE `favored_sceneries`
  ADD PRIMARY KEY (`id`);

--
-- Indexes for table `images`
--
ALTER TABLE `images`
  ADD PRIMARY KEY (`id`);

--
-- Indexes for table `jobs`
--
ALTER TABLE `jobs`
  ADD PRIMARY KEY (`id`);

--
-- Indexes for table `jobs_applied`
--
ALTER TABLE `jobs_applied`
  ADD PRIMARY KEY (`id`);

--
-- Indexes for table `journies`
--
ALTER TABLE `journies`
  ADD PRIMARY KEY (`id`),
  ADD KEY `pakacge_id` (`package_id`),
  ADD KEY `user_id` (`user_id`),
  ADD KEY `guide_id` (`guide_id`);

--
-- Indexes for table `membership_plans`
--
ALTER TABLE `membership_plans`
  ADD PRIMARY KEY (`id`);

--
-- Indexes for table `member_ships`
--
ALTER TABLE `member_ships`
  ADD PRIMARY KEY (`id`),
  ADD KEY `usr_id` (`user_id`),
  ADD KEY `memship_id` (`membership_id`);

--
-- Indexes for table `packages`
--
ALTER TABLE `packages`
  ADD PRIMARY KEY (`id`),
  ADD KEY `users_id` (`user_id`),
  ADD KEY `countrys_id` (`country_id`);

--
-- Indexes for table `package_requests`
--
ALTER TABLE `package_requests`
  ADD PRIMARY KEY (`id`);

--
-- Indexes for table `personal_access_tokens`
--
ALTER TABLE `personal_access_tokens`
  ADD PRIMARY KEY (`id`);

--
-- Indexes for table `profiles`
--
ALTER TABLE `profiles`
  ADD PRIMARY KEY (`id`),
  ADD KEY `country_id` (`country_id`),
  ADD KEY `p_user_id` (`user_id`);

--
-- Indexes for table `reviews`
--
ALTER TABLE `reviews`
  ADD PRIMARY KEY (`id`);

--
-- Indexes for table `users`
--
ALTER TABLE `users`
  ADD PRIMARY KEY (`id`);

--
-- Indexes for table `visitors`
--
ALTER TABLE `visitors`
  ADD PRIMARY KEY (`id`);

--
-- AUTO_INCREMENT for dumped tables
--

--
-- AUTO_INCREMENT for table `activities`
--
ALTER TABLE `activities`
  MODIFY `id` int(11) NOT NULL AUTO_INCREMENT, AUTO_INCREMENT=59;

--
-- AUTO_INCREMENT for table `countries`
--
ALTER TABLE `countries`
  MODIFY `id` int(11) NOT NULL AUTO_INCREMENT, AUTO_INCREMENT=249;

--
-- AUTO_INCREMENT for table `faq`
--
ALTER TABLE `faq`
  MODIFY `id` int(11) NOT NULL AUTO_INCREMENT;

--
-- AUTO_INCREMENT for table `favored_sceneries`
--
ALTER TABLE `favored_sceneries`
  MODIFY `id` int(11) NOT NULL AUTO_INCREMENT, AUTO_INCREMENT=13;

--
-- AUTO_INCREMENT for table `images`
--
ALTER TABLE `images`
  MODIFY `id` int(11) NOT NULL AUTO_INCREMENT, AUTO_INCREMENT=212;

--
-- AUTO_INCREMENT for table `jobs`
--
ALTER TABLE `jobs`
  MODIFY `id` int(11) NOT NULL AUTO_INCREMENT, AUTO_INCREMENT=3;

--
-- AUTO_INCREMENT for table `jobs_applied`
--
ALTER TABLE `jobs_applied`
  MODIFY `id` int(11) NOT NULL AUTO_INCREMENT, AUTO_INCREMENT=5;

--
-- AUTO_INCREMENT for table `journies`
--
ALTER TABLE `journies`
  MODIFY `id` int(11) NOT NULL AUTO_INCREMENT, AUTO_INCREMENT=54;

--
-- AUTO_INCREMENT for table `membership_plans`
--
ALTER TABLE `membership_plans`
  MODIFY `id` int(11) NOT NULL AUTO_INCREMENT, AUTO_INCREMENT=8;

--
-- AUTO_INCREMENT for table `member_ships`
--
ALTER TABLE `member_ships`
  MODIFY `id` int(11) NOT NULL AUTO_INCREMENT, AUTO_INCREMENT=52;

--
-- AUTO_INCREMENT for table `packages`
--
ALTER TABLE `packages`
  MODIFY `id` int(11) NOT NULL AUTO_INCREMENT, AUTO_INCREMENT=63;

--
-- AUTO_INCREMENT for table `package_requests`
--
ALTER TABLE `package_requests`
  MODIFY `id` int(11) NOT NULL AUTO_INCREMENT, AUTO_INCREMENT=12;

--
-- AUTO_INCREMENT for table `personal_access_tokens`
--
ALTER TABLE `personal_access_tokens`
  MODIFY `id` int(11) NOT NULL AUTO_INCREMENT, AUTO_INCREMENT=327;

--
-- AUTO_INCREMENT for table `profiles`
--
ALTER TABLE `profiles`
  MODIFY `id` int(11) NOT NULL AUTO_INCREMENT, AUTO_INCREMENT=93;

--
-- AUTO_INCREMENT for table `reviews`
--
ALTER TABLE `reviews`
  MODIFY `id` int(11) NOT NULL AUTO_INCREMENT, AUTO_INCREMENT=31;

--
-- AUTO_INCREMENT for table `users`
--
ALTER TABLE `users`
  MODIFY `id` int(11) NOT NULL AUTO_INCREMENT, AUTO_INCREMENT=109;

--
-- AUTO_INCREMENT for table `visitors`
--
ALTER TABLE `visitors`
  MODIFY `id` bigint(20) UNSIGNED NOT NULL AUTO_INCREMENT, AUTO_INCREMENT=7;

--
-- Constraints for dumped tables
--

--
-- Constraints for table `journies`
--
ALTER TABLE `journies`
  ADD CONSTRAINT `guide_id` FOREIGN KEY (`guide_id`) REFERENCES `profiles` (`user_id`) ON DELETE NO ACTION ON UPDATE NO ACTION,
  ADD CONSTRAINT `pakacge_id` FOREIGN KEY (`package_id`) REFERENCES `packages` (`id`) ON DELETE NO ACTION ON UPDATE NO ACTION,
  ADD CONSTRAINT `user_id` FOREIGN KEY (`user_id`) REFERENCES `users` (`id`) ON DELETE NO ACTION ON UPDATE NO ACTION;

--
-- Constraints for table `member_ships`
--
ALTER TABLE `member_ships`
  ADD CONSTRAINT `memship_id` FOREIGN KEY (`membership_id`) REFERENCES `membership_plans` (`id`) ON DELETE NO ACTION ON UPDATE NO ACTION,
  ADD CONSTRAINT `usr_id` FOREIGN KEY (`user_id`) REFERENCES `users` (`id`) ON DELETE NO ACTION ON UPDATE NO ACTION;

--
-- Constraints for table `packages`
--
ALTER TABLE `packages`
  ADD CONSTRAINT `countrys_id` FOREIGN KEY (`country_id`) REFERENCES `countries` (`id`) ON DELETE NO ACTION ON UPDATE NO ACTION,
  ADD CONSTRAINT `users_id` FOREIGN KEY (`user_id`) REFERENCES `users` (`id`) ON DELETE NO ACTION ON UPDATE NO ACTION;

--
-- Constraints for table `profiles`
--
ALTER TABLE `profiles`
  ADD CONSTRAINT `country_id` FOREIGN KEY (`country_id`) REFERENCES `countries` (`id`) ON DELETE NO ACTION ON UPDATE NO ACTION,
  ADD CONSTRAINT `p_user_id` FOREIGN KEY (`user_id`) REFERENCES `users` (`id`) ON DELETE NO ACTION ON UPDATE NO ACTION;
COMMIT;

/*!40101 SET CHARACTER_SET_CLIENT=@OLD_CHARACTER_SET_CLIENT */;
/*!40101 SET CHARACTER_SET_RESULTS=@OLD_CHARACTER_SET_RESULTS */;
/*!40101 SET COLLATION_CONNECTION=@OLD_COLLATION_CONNECTION */;
